Episode,Reward,Loss,Steps
1,-21.0,0.011397519730962813,783
2,-19.0,0.011032482101158663,1026
3,-19.0,0.010887580406334665,977
4,-21.0,0.010600305472811064,840
5,-19.0,0.010448696176436815,1103
6,-21.0,0.010291677550412714,783
7,-21.0,0.010143501994510492,884
8,-19.0,0.009734166786074638,1133
9,-21.0,0.009577696832517782,903
10,-20.0,0.00967738177213404,976
11,-20.0,0.010712488037016656,903
12,-20.0,0.010956572834402323,965
13,-19.0,0.010812439676374196,938
14,-21.0,0.010594212729483844,1026
15,-21.0,0.010477672331035137,946
16,-21.0,0.010255431174300611,793
17,-21.0,0.010160563746467233,764
18,-21.0,0.01000762905459851,824
19,-21.0,0.009988787933252752,824
20,-21.0,0.009701565722934902,764
21,-20.0,0.009586871912082037,921
22,-19.0,0.010361735895276069,962
23,-21.0,0.010688017471693456,823
24,-21.0,0.010564684867858887,764
25,-21.0,0.010610586709596893,1120
26,-21.0,0.010222411093612513,885
27,-19.0,0.010075484402477741,1017
28,-18.0,0.010268266467998425,1167
29,-20.0,0.009956668648454878,983
30,-20.0,0.01007786663249135,986
31,-20.0,0.009788221213966608,931
32,-18.0,0.010282138870521025,1105
33,-19.0,0.010752724576741457,999
34,-19.0,0.010535281337797641,1013
35,-20.0,0.01039596889168024,1070
36,-20.0,0.010316253453493119,958
37,-21.0,0.010333652711576886,854
38,-19.0,0.01002474831925197,1175
39,-20.0,0.009986133221536875,1006
40,-17.0,0.009993246971414639,1306
41,-20.0,0.009817208629101515,939
42,-20.0,0.010587296655608548,965
43,-20.0,0.010366709488961432,906
44,-21.0,0.010345822293311357,931
45,-21.0,0.010253615560941398,852
46,-20.0,0.010000723724563917,902
47,-21.0,0.010125414383682337,1053
48,-19.0,0.009972844865511764,1071
49,-19.0,0.009950966201722622,999
50,-21.0,0.009484593058004975,843
51,-21.0,0.009674900418354405,892
52,-20.0,0.00936051013155116,898
53,-21.0,0.010527139296755195,764
54,-21.0,0.01018406492140558,972
55,-21.0,0.0100756561383605,972
56,-21.0,0.010031849425286055,976
57,-19.0,0.009811712522059679,1009
58,-20.0,0.009587476547393534,958
59,-21.0,0.009494777044488324,848
60,-20.0,0.009503379981550906,900
61,-20.0,0.009301026869151328,889
62,-21.0,0.009358134845064746,914
63,-21.0,0.00910079840105027,764
64,-21.0,0.010101116029545665,810
65,-20.0,0.009821522877448134,904
66,-21.0,0.009453141945414245,881
67,-21.0,0.00948525033891201,902
68,-21.0,0.009550464073462146,783
69,-21.0,0.009330337246259054,884
70,-21.0,0.008811247845490774,852
71,-21.0,0.009134207153692842,824
72,-19.0,0.008963467553257942,1038
73,-20.0,0.009003461338579655,958
74,-21.0,0.008900736924260855,764
75,-21.0,0.009222471362186803,903
76,-20.0,0.009469195165567927,945
77,-21.0,0.009079056675545871,764
78,-21.0,0.009114702542622885,958
79,-21.0,0.008912501949816942,950
80,-21.0,0.009002087430821525,880
81,-20.0,0.009082893737488322,980
82,-21.0,0.008923406596295536,792
83,-21.0,0.009023431378106276,914
84,-19.0,0.008704919445638856,1113
85,-19.0,0.0086061449514495,967
86,-20.0,0.009110388552976979,901
87,-21.0,0.009219682402908802,944
88,-21.0,0.009125481126829982,792
89,-20.0,0.008746765760911835,930
90,-20.0,0.008961764629930258,979
91,-19.0,0.00895383108096818,1206
92,-20.0,0.008799040276143286,931
93,-20.0,0.00848020426928997,917
94,-20.0,0.008633354509418661,1043
95,-21.0,0.008625414325959153,928
96,-20.0,0.008678698187900914,870
97,-21.0,0.009009871166199446,824
98,-21.0,0.008961321436800063,825
99,-21.0,0.008943773702614836,892
100,-21.0,0.009097938658669591,783
101,-21.0,0.008680217200890183,792
102,-21.0,0.00857236422598362,822
103,-21.0,0.008359098496536413,874
104,-21.0,0.008780201231794698,764
105,-21.0,0.00827502366155386,811
106,-21.0,0.00834158156067133,930
107,-20.0,0.008384475484490395,969
108,-21.0,0.008734921738505364,905
109,-21.0,0.008889985374278493,946
110,-21.0,0.008847475633956492,792
111,-21.0,0.008604752210279306,913
112,-21.0,0.008491049624151654,940
113,-20.0,0.008571026287972927,962
114,-21.0,0.008656820075379478,854
115,-19.0,0.008427610527724028,1033
116,-20.0,0.008336382685229182,843
117,-21.0,0.008367316145449877,940
118,-21.0,0.008231164732327064,884
119,-21.0,0.008377025718800724,872
120,-19.0,0.00852816617116332,937
121,-18.0,0.008624217726967552,1144
122,-20.0,0.0084171324968338,954
123,-20.0,0.008289876704414686,951
124,-20.0,0.008346620202064513,948
125,-21.0,0.00827959505841136,1030
126,-19.0,0.008146504033356905,1042
127,-19.0,0.008448671041564508,1105
128,-21.0,0.00819745168767192,1018
129,-20.0,0.008362555131316184,992
130,-21.0,0.008536486886441708,908
131,-21.0,0.008589326869696379,824
132,-20.0,0.008584714122116565,1008
133,-19.0,0.008540472481399775,1042
134,-19.0,0.008308742872693321,1101
135,-20.0,0.00828887853357527,843
136,-20.0,0.008082429981893964,966
137,-21.0,0.008215906719366709,854
138,-21.0,0.008308967226184905,764
139,-21.0,0.008169823429650731,905
140,-21.0,0.008204106241464615,902
141,-20.0,0.008394156789614094,939
142,-19.0,0.008344556204974651,1147
143,-18.0,0.00824153982102871,1323
144,-20.0,0.008336231287103146,843
145,-21.0,0.008193680550903082,792
146,-21.0,0.008044029844717847,840
147,-21.0,0.008094128221273422,824
148,-21.0,0.007975185522809625,820
149,-19.0,0.007746764877811074,982
150,-21.0,0.007738938962575048,764
151,-19.0,0.008069877792149783,1008
152,-21.0,0.00798103711567819,969
153,-19.0,0.008070807474163862,1355
154,-20.0,0.00821452122181654,984
155,-20.0,0.008228926608959833,842
156,-18.0,0.00808869730681181,1093
157,-21.0,0.007961440323428675,1019
158,-20.0,0.008036906727486186,927
159,-21.0,0.007788190876858102,945
160,-20.0,0.008129838000362119,1117
161,-19.0,0.008440243390699228,923
162,-21.0,0.008146129781380296,824
163,-20.0,0.008273495050768057,931
164,-20.0,0.008270422716371038,1051
165,-18.0,0.008275663818825375,1139
166,-21.0,0.007878687077512344,901
167,-21.0,0.008182658813893795,822
168,-19.0,0.008016736204312607,1081
169,-21.0,0.007909975790729126,880
170,-20.0,0.00807261544590195,871
171,-19.0,0.0084866729642575,1240
172,-21.0,0.008515143068507314,830
173,-20.0,0.008539899506352165,1067
174,-20.0,0.008373407129612234,920
175,-19.0,0.008656803088692518,1219
176,-21.0,0.008314487058669329,915
177,-20.0,0.008490608384211859,890
178,-20.0,0.008377921767532825,870
179,-20.0,0.00841135997325182,1052
180,-19.0,0.00856459429487586,981
181,-21.0,0.00876912453936206,918
182,-21.0,0.0086837038397789,821
183,-17.0,0.008613172685727477,1197
184,-21.0,0.008572386681205697,872
185,-20.0,0.00854237030514262,1118
186,-21.0,0.008431231882423163,1003
187,-21.0,0.008678224972552724,943
188,-18.0,0.008566805330867117,1111
189,-20.0,0.008331055364881953,1107
190,-21.0,0.00825765190853013,914
191,-19.0,0.008764934009657456,1304
192,-19.0,0.00868137977603409,976
193,-21.0,0.008703769946640188,1039
194,-21.0,0.008788924457298385,884
195,-20.0,0.008560120593756437,837
196,-19.0,0.008473492820154537,1119
197,-21.0,0.008620065916329623,940
198,-21.0,0.00865841263698207,940
199,-21.0,0.008540050230092473,880
200,-19.0,0.008506900941332182,1188
201,-21.0,0.008860314782294963,890
202,-20.0,0.00898072700947523,1020
203,-20.0,0.009068784717884328,887
204,-20.0,0.00872409970245578,1101
205,-21.0,0.008737142715189192,884
206,-20.0,0.008747975714504719,1040
207,-19.0,0.008858885870061138,1098
208,-20.0,0.008641960099339485,1072
209,-19.0,0.00864272639155388,1025
210,-21.0,0.008565539843402803,783
211,-20.0,0.00880979560315609,959
212,-19.0,0.008797550319947979,1087
213,-19.0,0.00888293720781803,996
214,-19.0,0.009024775587022305,962
215,-19.0,0.008828656375408172,1021
216,-21.0,0.009156523365527391,1032
217,-20.0,0.009046422007183233,842
218,-20.0,0.008989811223000289,986
219,-20.0,0.00874438788741827,1022
220,-21.0,0.00865390058606863,993
221,-20.0,0.008875556476414203,980
222,-20.0,0.009075280589361986,932
223,-20.0,0.008952730149030686,975
224,-20.0,0.00895438576117158,866
225,-19.0,0.008944058960134333,1059
226,-20.0,0.008772427099756896,842
227,-18.0,0.009018949077775082,1139
228,-21.0,0.008838204317726195,826
229,-20.0,0.008802498276862834,946
230,-21.0,0.00882099179381674,1109
231,-21.0,0.008730551227927208,914
232,-20.0,0.008896120668699345,1196
233,-21.0,0.008937919379345008,793
234,-21.0,0.008903842522866197,821
235,-21.0,0.008960593077871535,884
236,-20.0,0.008707277476787567,916
237,-20.0,0.008812517579644918,1052
238,-20.0,0.00887641641828749,872
239,-21.0,0.008670572605397966,882
240,-21.0,0.008521101644469632,901
241,-21.0,0.008650000020861626,992
242,-20.0,0.00873747207224369,1071
243,-21.0,0.008753576936821142,824
244,-21.0,0.00888656685128808,871
245,-20.0,0.008598209917545318,989
246,-20.0,0.008504081348126585,1038
247,-20.0,0.008689989166503603,1146
248,-20.0,0.008599329532848464,899
249,-20.0,0.008698598016053438,990
250,-21.0,0.008439375669695437,824
251,-19.0,0.008618969097733497,1016
252,-20.0,0.008963957708328963,982
253,-21.0,0.008803681301122362,1108
254,-21.0,0.008795188833028078,964
255,-21.0,0.00880719410876433,904
256,-21.0,0.008460540583150255,882
257,-20.0,0.008595974184572697,887
258,-20.0,0.008547034425040087,1194
259,-20.0,0.008549417136237025,1216
260,-20.0,0.008461082819849253,1040
261,-21.0,0.008431037538684905,783
262,-21.0,0.00838696287246421,792
263,-21.0,0.008634015814297728,913
264,-20.0,0.008456372552447848,888
265,-20.0,0.00848800709678067,898
266,-21.0,0.008441917598247528,900
267,-20.0,0.008490903861820697,981
268,-19.0,0.008425697006962517,1138
269,-21.0,0.008469181193504483,783
270,-21.0,0.00849319517146796,811
271,-21.0,0.008227260783314705,792
272,-20.0,0.008103344081477686,1007
273,-20.0,0.00855724016825358,871
274,-21.0,0.007954648812301457,792
275,-19.0,0.008161862147971988,982
276,-20.0,0.008269215261356698,904
277,-21.0,0.008131092879921198,840
278,-20.0,0.008074825968254696,1068
279,-19.0,0.007823164016008377,1025
280,-20.0,0.007944973278790712,992
281,-19.0,0.007923670671880245,1017
282,-20.0,0.007726952433586121,844
283,-21.0,0.0080947041278705,843
284,-21.0,0.008355662744078372,852
285,-21.0,0.008176537463441491,852
286,-19.0,0.00798396181992509,1099
287,-21.0,0.008046853402629495,972
288,-20.0,0.008001945395436551,865
289,-20.0,0.007782569517278009,928
290,-20.0,0.007842694239860231,1101
291,-20.0,0.007733689828051461,889
292,-21.0,0.007732667634263635,942
293,-20.0,0.007768978157805072,931
294,-20.0,0.007789622630096144,919
295,-21.0,0.007723680697381496,824
296,-19.0,0.007756053089079532,1140
297,-20.0,0.007778897462412715,947
298,-20.0,0.00774548277258873,1048
299,-19.0,0.007732266983525319,1062
300,-21.0,0.007748646894469857,869
301,-21.0,0.007949583057779819,811
302,-20.0,0.007634266326203942,961
303,-21.0,0.007742804707959294,968
304,-21.0,0.0075927234461738,914
305,-21.0,0.007970075795633925,944
306,-20.0,0.0077695124316960575,932
307,-21.0,0.007625130005180836,1066
308,-21.0,0.007631049898918718,764
309,-20.0,0.007711067562922835,1046
310,-21.0,0.007703360687527392,904
311,-20.0,0.0077159489737823606,1112
312,-19.0,0.0075400588620040156,966
313,-21.0,0.007607933340801133,884
314,-21.0,0.007678818283602595,976
315,-20.0,0.007787183185832368,921
316,-20.0,0.0077115028165280815,1024
317,-21.0,0.0076219284441322085,941
318,-20.0,0.0074455396018245,1162
319,-21.0,0.0073866143568672915,1039
320,-19.0,0.007375738862901926,1000
321,-20.0,0.0074377381708472965,1000
322,-20.0,0.007405465261803733,931
323,-21.0,0.0074663725681602955,783
324,-17.0,0.007427336648106575,1306
325,-21.0,0.007557804812677205,832
326,-20.0,0.007800796208903194,980
327,-18.0,0.007449108641594648,1011
328,-19.0,0.0077173235360533,1015
329,-21.0,0.007407395343761891,824
330,-21.0,0.0072469889186322686,904
331,-21.0,0.007582589363058408,904
332,-21.0,0.0075383493676781654,885
333,-20.0,0.007598341753085454,1124
334,-21.0,0.007374036458453962,764
335,-21.0,0.007293604210846954,853
336,-21.0,0.007527348026633263,973
337,-20.0,0.0073589925887063146,866
338,-20.0,0.00743368286639452,977
339,-21.0,0.0072513241320848465,957
340,-21.0,0.007402865681797266,821
341,-20.0,0.0074314635971354116,904
342,-20.0,0.007371290167793631,1007
343,-20.0,0.007428115559741854,1007
344,-21.0,0.007133230846375227,1033
345,-21.0,0.00744196935556829,977
346,-21.0,0.007599305464989609,856
347,-21.0,0.007542359177023172,882
348,-21.0,0.007462454633787275,970
349,-20.0,0.007465405939993533,1054
350,-19.0,0.007233325438573956,997
351,-19.0,0.007251614493063905,1118
352,-18.0,0.007261412171646953,1058
353,-20.0,0.00744661186925239,905
354,-18.0,0.007254729319053392,1149
355,-20.0,0.007398446975275874,992
356,-21.0,0.007318316726014018,854
357,-21.0,0.007462024274799559,811
358,-19.0,0.0073831923305988315,1085
359,-20.0,0.007603534600800938,843
360,-21.0,0.007712043407890532,952
361,-20.0,0.007506392352903883,1196
362,-21.0,0.007503730431199074,933
363,-19.0,0.0076451368629932405,1085
364,-18.0,0.00746348799051096,1151
365,-21.0,0.007343439540515344,938
366,-21.0,0.007560840704374843,884
367,-20.0,0.007647338026965206,1044
368,-21.0,0.007522548025008291,792
369,-20.0,0.007331790262833237,1009
370,-19.0,0.007621194235980511,1085
371,-21.0,0.00754278851673007,825
372,-21.0,0.007462329405825585,822
373,-21.0,0.007403499959036708,985
374,-21.0,0.007576195476576686,988
375,-20.0,0.007598740824808677,928
376,-21.0,0.007590832033505042,884
377,-20.0,0.007732268702238798,1040
378,-21.0,0.007721999504913886,914
379,-20.0,0.007576761715528037,870
380,-20.0,0.00755631426970164,922
381,-21.0,0.0075442916713654995,820
382,-21.0,0.007460959430318326,782
383,-20.0,0.00746048279106617,950
384,-20.0,0.007391128896011246,961
385,-21.0,0.007466503207317807,1032
386,-21.0,0.007310076927145322,951
387,-21.0,0.007462541852146387,964
388,-19.0,0.007618857124312358,1095
389,-21.0,0.007500036102202203,944
390,-20.0,0.007574614706552691,899
391,-21.0,0.007521878089755773,972
392,-19.0,0.007465866208076477,1054
393,-21.0,0.007582916116172617,1055
394,-21.0,0.007551673450507224,764
395,-20.0,0.007414135997268287,1112
396,-19.0,0.007393128704279661,1015
397,-21.0,0.007309328415431082,823
398,-21.0,0.0075064863776788116,811
399,-21.0,0.007535787392407655,973
400,-20.0,0.007650888948277993,1070
401,-20.0,0.0076543526258319615,988
402,-20.0,0.007498839311301709,1012
403,-19.0,0.007469154767353426,1087
404,-20.0,0.00746527872979641,900
405,-21.0,0.007476862636394799,852
406,-20.0,0.007548683271225955,931
407,-21.0,0.007325061803890599,881
408,-21.0,0.007441576104611158,885
409,-21.0,0.007611557887867093,958
410,-19.0,0.007550036418251693,1204
411,-20.0,0.007369154184642766,921
412,-20.0,0.007583213783800602,980
413,-20.0,0.007533887297742897,963
414,-21.0,0.0073883515368733145,905
415,-21.0,0.007549560577091243,822
416,-21.0,0.007460641364256541,914
417,-21.0,0.007363184879068285,872
418,-20.0,0.0074289623647928234,930
419,-20.0,0.007411012063837714,930
420,-21.0,0.0074413043136398,934
421,-20.0,0.00749634743922136,1051
422,-20.0,0.007309666648507118,1037
423,-20.0,0.007480188865553249,1098
424,-21.0,0.007495269024123748,914
425,-21.0,0.007371382787823677,852
426,-21.0,0.007269497650365035,880
427,-21.0,0.007282154013713201,913
428,-21.0,0.007312902766797278,880
429,-20.0,0.007452700597544511,930
430,-21.0,0.00722796894196007,914
431,-20.0,0.00729842628352344,1029
432,-21.0,0.007452514539990161,822
433,-19.0,0.0075222856365144255,1055
434,-20.0,0.007214745633642782,1041
435,-20.0,0.00746239007761081,919
436,-21.0,0.007199410768225789,1023
437,-21.0,0.007596900479661094,912
438,-20.0,0.007481497505472766,932
439,-21.0,0.007325358947532045,824
440,-21.0,0.00750013894867152,848
441,-20.0,0.007376650729301301,1042
442,-20.0,0.007751086726784706,888
443,-21.0,0.007368655461404059,900
444,-19.0,0.007252417621202767,1194
445,-21.0,0.00769837386906147,852
446,-20.0,0.00747020881284367,1086
447,-20.0,0.007512144185602665,977
448,-19.0,0.007377895568920808,1123
449,-21.0,0.00735646765679121,912
450,-20.0,0.007505982089787722,985
451,-21.0,0.007406159187667072,871
452,-21.0,0.0076548403853343595,825
453,-17.0,0.007714186401034777,1292
454,-19.0,0.007534417662430893,1131
455,-21.0,0.007454649126157164,973
456,-20.0,0.007432639029704862,980
457,-21.0,0.007504114415496588,963
458,-20.0,0.007518716518663698,843
459,-21.0,0.007309516018722206,871
460,-17.0,0.007398878789639899,1387
461,-21.0,0.007542586047202348,944
462,-21.0,0.007606512808706611,890
463,-21.0,0.007522335172527366,852
464,-21.0,0.007208419148810208,832
465,-19.0,0.007248258870095015,983
466,-20.0,0.0072871891781687735,991
467,-20.0,0.007364558428525925,1026
468,-20.0,0.007376128248870373,1009
469,-20.0,0.00714070862159133,917
470,-18.0,0.007464586672457782,1103
471,-21.0,0.007461308327037841,794
472,-21.0,0.0072772665215390065,783
473,-19.0,0.00738843444448251,1252
474,-20.0,0.0074142643974887,960
475,-20.0,0.007576760666614229,1059
476,-19.0,0.00732617840791742,1183
477,-21.0,0.0073990759439766405,975
478,-20.0,0.007551616639830172,844
479,-20.0,0.007524864422157407,960
480,-21.0,0.007364097879164749,959
481,-21.0,0.007556655858125951,871
482,-21.0,0.007471648184582591,1033
483,-19.0,0.007556493952870369,937
484,-21.0,0.007556027681049373,885
485,-20.0,0.007728922180831432,993
486,-19.0,0.007667742863607903,1181
487,-21.0,0.007476634636987001,793
488,-20.0,0.007606889307498932,980
489,-21.0,0.007497914394156801,935
490,-18.0,0.007470072533648748,1268
491,-21.0,0.0076837473962869905,885
492,-19.0,0.0074221348234762745,1199
493,-20.0,0.00751185198314488,1009
494,-21.0,0.007374008477199823,824
495,-21.0,0.007454457123660379,900
496,-19.0,0.007580986991524696,937
497,-20.0,0.007501090773277813,904
498,-20.0,0.007357333735045459,900
499,-20.0,0.007695999881252647,1081
500,-19.0,0.007622005534358323,1193
501,-20.0,0.007877882932209306,904
502,-21.0,0.007433735590893775,783
503,-19.0,0.007475132291967218,1058
504,-20.0,0.007756441459059715,1038
505,-21.0,0.007749916752800345,963
506,-21.0,0.007497571548447013,1001
507,-20.0,0.007447723764926195,977
508,-21.0,0.0076821162831038235,1059
509,-19.0,0.007772741466760635,944
510,-21.0,0.007544146617874503,880
511,-20.0,0.007680212892591953,947
512,-21.0,0.007582799686739842,905
513,-20.0,0.00752134108915925,898
514,-21.0,0.00769864022731781,824
515,-20.0,0.0077326803002506495,1009
516,-21.0,0.007512599171604961,793
517,-20.0,0.0074497888880697164,1119
518,-21.0,0.007562926970422268,998
519,-20.0,0.007747636456042528,1008
520,-20.0,0.008023478970345523,888
521,-21.0,0.007782486577828725,914
522,-21.0,0.007765000686049461,824
523,-20.0,0.00759661995107308,861
524,-20.0,0.007574200216266844,870
525,-21.0,0.007765038197653161,853
526,-21.0,0.0075209142329792185,974
527,-21.0,0.00753543536282248,824
528,-21.0,0.007350900152232498,871
529,-21.0,0.007711084507819679,867
530,-20.0,0.0075375784654170275,838
531,-21.0,0.007403857022937801,911
532,-20.0,0.007661007260057059,1021
533,-21.0,0.007609908643644303,872
534,-21.0,0.007736976258456707,764
535,-21.0,0.007730115412010087,872
536,-21.0,0.0076655855934534755,782
537,-19.0,0.00773022569377314,1012
538,-21.0,0.007562460170851814,943
539,-21.0,0.007436491898261011,824
540,-21.0,0.007516818741957347,881
541,-21.0,0.007566308137029409,947
542,-19.0,0.0075568231340083815,939
543,-16.0,0.007659881220509608,1229
544,-20.0,0.007650020811706781,963
545,-21.0,0.007638470373219914,871
546,-20.0,0.007619344629347324,843
547,-21.0,0.008003042234728733,910
548,-21.0,0.007730366972585519,887
549,-21.0,0.00785745249595493,824
550,-20.0,0.007368088906837834,843
551,-19.0,0.007458170481885855,1308
552,-18.0,0.00741352801295844,1119
553,-21.0,0.007592715581672059,885
554,-21.0,0.0076155359274707735,825
555,-21.0,0.007537033292464912,824
556,-21.0,0.007446547090593312,912
557,-21.0,0.007717547880019993,812
558,-20.0,0.007432983507617162,1292
559,-21.0,0.0076265905518084764,792
560,-21.0,0.0074240704998373985,886
561,-21.0,0.007304181448287434,853
562,-21.0,0.0074457109440118074,820
563,-20.0,0.007584922015666962,933
564,-20.0,0.00741528607904911,941
565,-21.0,0.007646088604815304,843
566,-21.0,0.007509979698807001,1024
567,-21.0,0.007471601525321603,992
568,-21.0,0.007740912400186062,969
569,-21.0,0.007721096742898226,942
570,-21.0,0.007584396516904235,968
571,-20.0,0.007494463378356563,889
572,-20.0,0.007691667508333921,965
573,-20.0,0.007653958105947822,887
574,-21.0,0.007506031543016434,932
575,-21.0,0.007587736239656806,792
576,-19.0,0.00754707520827651,1033
577,-19.0,0.007773691449653019,1077
578,-20.0,0.0077522683423012495,975
579,-21.0,0.007713985862210393,824
580,-20.0,0.0074462455490397084,966
581,-20.0,0.0076660769633375685,1218
582,-21.0,0.0075560943223536015,764
583,-21.0,0.007557900260306067,884
584,-21.0,0.007622791454195976,824
585,-21.0,0.007440397050231695,1070
586,-19.0,0.007454150449484586,1018
587,-21.0,0.007568646827712655,946
588,-21.0,0.007593642506334517,888
589,-21.0,0.007429631368722767,852
590,-19.0,0.007510478015650402,1042
591,-20.0,0.007503534615453746,907
592,-21.0,0.007363586220890284,1064
593,-20.0,0.007461531045423312,1099
594,-20.0,0.007676417473703623,912
595,-21.0,0.007545416191634204,904
596,-20.0,0.007261493295017216,899
597,-20.0,0.0073146279125163955,1208
598,-20.0,0.007291842590678822,1013
599,-21.0,0.00747955241240561,845
600,-21.0,0.007350632610420386,871
601,-21.0,0.007458075589966029,820
602,-20.0,0.007393509201291535,865
603,-20.0,0.0072375618852674965,1040
604,-20.0,0.0073578633471495574,931
605,-21.0,0.007531320629641414,961
606,-20.0,0.007239976152777672,962
607,-20.0,0.007433341990690678,889
608,-20.0,0.007398815773841407,902
609,-21.0,0.007277882948983461,792
610,-19.0,0.007510837439137201,1205
611,-21.0,0.007335925567895174,939
612,-21.0,0.007409620460950666,932
613,-20.0,0.007242474653240707,915
614,-18.0,0.0072940568982933955,1133
615,-21.0,0.00715410360135138,824
616,-20.0,0.007299040211364627,838
617,-20.0,0.007472571451216936,991
618,-21.0,0.007236418676459127,849
619,-20.0,0.0072945070763429,982
620,-20.0,0.007298430055379867,923
621,-20.0,0.007454448752105236,988
622,-21.0,0.007477174163796008,873
623,-21.0,0.0074019608553498985,1013
624,-21.0,0.007507449854165316,963
625,-20.0,0.007338232050339381,943
626,-21.0,0.007327278196397755,885
627,-20.0,0.007332634599879384,967
628,-21.0,0.007397384538004796,914
629,-18.0,0.007397086698223244,1105
630,-20.0,0.007734417708383666,900
631,-21.0,0.007530250483089023,910
632,-21.0,0.007835377576864429,913
633,-19.0,0.007628362117843194,1041
634,-21.0,0.007627629801969637,1070
635,-20.0,0.007610220048162673,957
636,-20.0,0.007638929830864072,958
637,-20.0,0.0076826392776436275,947
638,-20.0,0.007756389025598764,989
639,-21.0,0.007528357382398099,783
640,-20.0,0.0075390457382632625,903
641,-19.0,0.007620398700237274,1001
642,-21.0,0.007415599073283374,783
643,-21.0,0.0075368185838063555,880
644,-21.0,0.007599816890433431,886
645,-21.0,0.007324632153742843,873
646,-21.0,0.007556945958640426,792
647,-21.0,0.007622494724475675,915
648,-21.0,0.007517100311815739,820
649,-21.0,0.007599432067945599,975
650,-18.0,0.007597031809079151,1208
651,-20.0,0.007572134956717491,889
652,-21.0,0.007666696445085108,783
653,-20.0,0.007485932158306241,978
654,-21.0,0.00764747653156519,1004
655,-20.0,0.007636922115290707,1170
656,-20.0,0.007713898447238737,872
657,-18.0,0.007492516147480769,1122
658,-20.0,0.007678380236029625,976
659,-20.0,0.00741796816388766,1193
660,-20.0,0.007543990698953469,887
661,-20.0,0.007680592406541109,1008
662,-18.0,0.0076365744779733095,1122
663,-21.0,0.0077980908565223215,931
664,-21.0,0.007560931811375278,792
665,-21.0,0.007786162430420518,974
666,-20.0,0.007753138896077871,899
667,-21.0,0.007603427721187472,992
668,-19.0,0.007791853255846284,1058
669,-20.0,0.007614810912248989,1264
670,-19.0,0.0077440209517424755,1086
671,-17.0,0.007845605335508784,1135
672,-20.0,0.007643156684935093,926
673,-21.0,0.00790851894998923,821
674,-21.0,0.007635051384568214,792
675,-21.0,0.0078026050080855685,943
676,-21.0,0.007659912885477145,820
677,-19.0,0.007600502716377378,1023
678,-21.0,0.007526692294050008,852
679,-21.0,0.0075232101500862176,885
680,-20.0,0.007402856329766412,1159
681,-20.0,0.007504638326777654,1097
682,-21.0,0.00750038749538362,821
683,-19.0,0.00762853640216318,1060
684,-21.0,0.007829786161892116,824
685,-20.0,0.007519948238041252,842
686,-21.0,0.007606480503454804,792
687,-20.0,0.00765993962995708,1019
688,-21.0,0.007471766788512468,783
689,-20.0,0.007658666724132167,903
690,-20.0,0.00744339944794774,1011
691,-21.0,0.007615325041115284,880
692,-20.0,0.007348781832578507,1045
693,-19.0,0.007532708262178031,1113
694,-21.0,0.007824266911484301,880
695,-18.0,0.007709152763709426,1153
696,-18.0,0.007375433914024721,1150
697,-20.0,0.007623422611504793,977
698,-19.0,0.007751488747696082,1177
699,-20.0,0.007676226764240048,1071
700,-20.0,0.007617603107872937,902
701,-21.0,0.007905598555225879,797
702,-20.0,0.007785150606650859,874
703,-21.0,0.007727206218987703,993
704,-19.0,0.007757171057164669,982
705,-19.0,0.007654626938429746,1094
706,-21.0,0.007738126907497644,843
707,-21.0,0.007811662182211876,1064
708,-17.0,0.007798094036323684,1334
709,-21.0,0.007928185048513114,824
710,-17.0,0.007888819699963698,1341
711,-20.0,0.008125761989504099,938
712,-20.0,0.00809571323916316,1019
713,-21.0,0.007945775287225842,852
714,-18.0,0.0077233212426877935,1275
715,-19.0,0.007917161776938221,1058
716,-20.0,0.007805230044242408,964
717,-20.0,0.007762988201446003,902
718,-20.0,0.007757160657395919,904
719,-20.0,0.007941199311365684,871
720,-20.0,0.008090544388526015,932
721,-21.0,0.007827981271677546,824
722,-20.0,0.007908780024283461,902
723,-21.0,0.008043620269745588,1094
724,-20.0,0.008000377740245312,887
725,-21.0,0.007892395990590254,869
726,-20.0,0.007862466175786474,1095
727,-20.0,0.007795543922111392,995
728,-18.0,0.007771741948090494,1182
729,-19.0,0.007938756392552303,1289
730,-21.0,0.007919622119516134,792
731,-21.0,0.007864584331400692,880
732,-20.0,0.007824244400994345,1052
733,-19.0,0.007816297188401222,978
734,-19.0,0.007885511160235514,1087
735,-19.0,0.007843017997220158,1043
736,-19.0,0.008040414361113852,1114
737,-18.0,0.007759102946147322,1017
738,-20.0,0.00791807621717453,932
739,-20.0,0.0076221200740999645,917
740,-21.0,0.007900075637735426,792
741,-21.0,0.007750809541903436,840
742,-18.0,0.0077568434256439405,1136
743,-21.0,0.007875211122963164,932
744,-19.0,0.007933023432269693,1030
745,-20.0,0.007785271853208542,871
746,-20.0,0.007871653977781534,996
747,-21.0,0.008168844350924095,941
748,-20.0,0.008057767313651064,1054
749,-20.0,0.008038869231111474,903
750,-20.0,0.008149130890766779,963
751,-18.0,0.00801287168128924,1084
752,-21.0,0.008136653186132511,908
753,-19.0,0.00807176937814802,1177
754,-19.0,0.008128404066982594,1106
755,-21.0,0.008133170091443591,912
756,-19.0,0.00807635779492557,994
757,-21.0,0.008080764953047038,963
758,-21.0,0.008435059222392738,792
759,-20.0,0.00798351995439993,932
760,-20.0,0.007880846090200875,925
761,-19.0,0.007807121569798751,1040
762,-20.0,0.008015638165589836,887
763,-20.0,0.00823731596271197,958
764,-21.0,0.00799527552185787,852
765,-21.0,0.008098772049627521,1110
766,-21.0,0.008236502043225548,1142
767,-20.0,0.008173671597614885,990
768,-20.0,0.008109428500756622,1005
769,-20.0,0.008275583979081024,1094
770,-21.0,0.008004072846637832,904
771,-20.0,0.008049023596362935,878
772,-20.0,0.008165994193404913,1050
773,-20.0,0.007879852456972003,978
774,-20.0,0.00812796177342534,1051
775,-21.0,0.008151685094667805,944
776,-19.0,0.008240939202633772,1118
777,-21.0,0.008108664473349398,1064
778,-20.0,0.007998284418135881,1079
779,-19.0,0.007956838997250254,1121
780,-20.0,0.0081825477278067,920
781,-21.0,0.007983394070631929,884
782,-21.0,0.008193709468469024,946
783,-21.0,0.00823541231719511,783
784,-20.0,0.008099785836582834,1071
785,-18.0,0.008069666822186926,1080
786,-20.0,0.008208070369437336,992
787,-20.0,0.008168789134784178,1133
788,-20.0,0.008249122416600585,1009
789,-20.0,0.008224448096007109,983
790,-21.0,0.008203917043283581,1000
791,-21.0,0.008130704518407583,852
792,-20.0,0.007998144668009546,904
793,-18.0,0.008111349342820736,1346
794,-19.0,0.008173968134955927,1089
795,-21.0,0.008115737647232082,913
796,-21.0,0.007845699829472736,1066
797,-21.0,0.008190023596398532,852
798,-21.0,0.008043620942367448,912
799,-20.0,0.007894634993539916,901
800,-21.0,0.007994049332208104,871
801,-20.0,0.008018562663346529,968
802,-20.0,0.007883318389455477,930
803,-19.0,0.007839270867407322,1164
804,-21.0,0.007841371413734224,940
805,-20.0,0.007811909820884466,992
806,-21.0,0.007842097172720565,910
807,-21.0,0.00773687945264909,912
808,-21.0,0.007897034390932985,867
809,-21.0,0.007988901893523607,1140
810,-21.0,0.007823718059808017,966
811,-19.0,0.008023751984265718,1054
812,-21.0,0.0077246866809825105,992
813,-20.0,0.007918128200496236,1160
814,-21.0,0.007792183372657746,804
815,-20.0,0.007840904148502482,843
816,-21.0,0.007867333324005207,913
817,-21.0,0.007722713570627902,904
818,-20.0,0.007968786405399442,872
819,-21.0,0.008005562755796645,884
820,-21.0,0.007667962461709976,974
821,-21.0,0.007663376422391998,900
822,-21.0,0.007743656681850552,972
823,-21.0,0.00771779315546155,1004
824,-19.0,0.007731788186356425,1070
825,-20.0,0.00785794430412352,922
826,-21.0,0.008039679494686425,882
827,-21.0,0.007869067427236587,764
828,-21.0,0.007788095665587621,1095
829,-20.0,0.007815608858234353,920
830,-18.0,0.007836913651165863,1140
831,-21.0,0.007472001598216593,824
832,-21.0,0.007739535882137716,852
833,-20.0,0.007704856128177859,1018
834,-19.0,0.00755299674347043,1010
835,-20.0,0.007757308427244425,963
836,-21.0,0.007727039460506704,900
837,-21.0,0.007963358541019261,811
838,-21.0,0.007637789007276297,826
839,-19.0,0.007547089224681258,1010
840,-20.0,0.007517557746420304,872
841,-21.0,0.007662564050406218,930
842,-21.0,0.007589978062444263,874
843,-20.0,0.0074832759694092804,963
844,-19.0,0.007742903614416719,1008
845,-18.0,0.007790505312956297,1273
846,-20.0,0.007868935912847519,1040
847,-20.0,0.007742593763396144,1110
848,-21.0,0.007837966177612543,1064
849,-21.0,0.007602568560590346,903
850,-20.0,0.007736845950906475,1155
851,-19.0,0.007543165624762575,1269
852,-21.0,0.007603690680116415,946
853,-20.0,0.0077144375536590815,1049
854,-19.0,0.007728292761991422,1128
855,-20.0,0.007709345366391871,933
856,-21.0,0.007577736448082659,942
857,-20.0,0.007725716483863917,1051
858,-18.0,0.0,1100
859,-20.0,0.0,961
860,-19.0,0.0,1077
861,-18.0,0.0,1044
862,-20.0,0.0,919
863,-19.0,0.0,1016
864,-19.0,0.0,1026
865,-20.0,0.0,1159
866,-21.0,0.0,965
867,-20.0,0.0,967
868,-19.0,0.0,1078
869,-18.0,0.0,1140
870,-21.0,0.0,824
871,-20.0,0.0,1008
872,-20.0,0.0,903
873,-18.0,0.0,1178
874,-20.0,0.0,922
875,-21.0,0.0,1061
876,-20.0,0.0,1027
877,-20.0,0.0,899
878,-21.0,0.0,969
879,-21.0,0.0,871
880,-20.0,0.0,897
881,-21.0,0.0,1033
882,-20.0,0.0,1164
883,-20.0,0.0,1048
884,-20.0,0.0,1148
885,-20.0,0.0,987
886,-21.0,0.0,843
887,-20.0,0.0,919
888,-20.0,0.0,1043
889,-20.0,0.0,1139
890,-20.0,0.0,896
891,-20.0,0.0,1050
892,-20.0,0.0,920
893,-21.0,0.0,972
894,-20.0,0.0,1009
895,-21.0,0.0,825
896,-21.0,0.0,804
897,-20.0,0.0,932
898,-21.0,0.0,1026
899,-21.0,0.0,870
900,-20.0,0.0,1172
901,-20.0,0.0,1043
902,-21.0,0.0,843
903,-21.0,0.0,912
904,-21.0,0.0,1045
905,-19.0,0.0,1150
906,-20.0,0.0,958
907,-20.0,0.0,931
908,-20.0,0.0,1129
909,-21.0,0.0,824
910,-20.0,0.0,1116
911,-21.0,0.0,899
912,-19.0,0.0,954
913,-20.0,0.0082004610914737,1021
914,-20.0,0.008175397653960519,890
915,-18.0,0.008098250720649958,1155
916,-20.0,0.008203459996730089,977
917,-21.0,0.008198506198823452,932
918,-19.0,0.008175995550118387,1188
919,-18.0,0.008006800478324295,1033
920,-20.0,0.00799727076664567,991
921,-21.0,0.008211660923229324,853
922,-21.0,0.008034525532275438,982
923,-21.0,0.008160946994192071,939
924,-21.0,0.008229006030079391,882
925,-20.0,0.008131912133346,930
926,-21.0,0.008160484489053488,1002
927,-21.0,0.008064058143645525,933
928,-21.0,0.008126244466337893,959
929,-19.0,0.008032842616861066,1172
930,-20.0,0.008252326981164515,842
931,-21.0,0.007976357152478563,912
932,-20.0,0.008041499834507703,949
933,-19.0,0.00799568732165628,916
934,-21.0,0.007922525983303785,792
935,-18.0,0.008193378082730553,1134
936,-21.0,0.00806188932619989,812
937,-21.0,0.008076328106901863,1091
938,-21.0,0.008242588955909014,959
939,-21.0,0.008236515335738659,792
940,-20.0,0.008264644875783812,1062
941,-21.0,0.008062595713206312,1170
942,-21.0,0.008298481814563274,794
943,-20.0,0.008220901992172003,940
944,-20.0,0.007986220996826887,1011
945,-20.0,0.008014887674815126,916
946,-21.0,0.007867614479942454,885
947,-20.0,0.008138731225497194,920
948,-21.0,0.00818545992175738,882
949,-20.0,0.008042838796973229,1023
950,-21.0,0.007991878828033806,1032
951,-21.0,0.008099077618680894,824
952,-20.0,0.008125037467107177,948
953,-20.0,0.007989756111055613,1043
954,-20.0,0.007941676210612059,958
955,-19.0,0.008099434219978073,1059
956,-19.0,0.008061290563394627,1199
957,-20.0,0.008337503764778376,859
958,-21.0,0.008231852927969562,887
959,-21.0,0.008042438524878688,915
960,-21.0,0.008140750881284475,1004
961,-20.0,0.008055626368150114,931
962,-21.0,0.008025890390854329,822
963,-20.0,0.008137819170951844,993
964,-20.0,0.007858007866889238,1070
965,-20.0,0.008103044424206018,1009
966,-20.0,0.008126361761242151,930
967,-20.0,0.008211964637868933,931
968,-19.0,0.008090887684375048,982
969,-19.0,0.007950226310640574,1262
970,-20.0,0.00812351851808754,1161
971,-21.0,0.008043556111968227,910
972,-21.0,0.008142346562817693,963
973,-19.0,0.00815170919522643,1054
974,-21.0,0.007918421696457598,882
975,-19.0,0.007958638342097401,994
976,-19.0,0.008211799105629325,1004
977,-21.0,0.008172307680878375,880
978,-21.0,0.008089233888313174,824
979,-21.0,0.00802317861881521,912
980,-17.0,0.008156915195286274,1251
981,-20.0,0.008052774446292056,932
982,-21.0,0.007861730922013522,940
983,-20.0,0.008254823554307223,1048
984,-21.0,0.00815756856981251,912
985,-20.0,0.007998272450640798,956
986,-21.0,0.008314290782436728,853
987,-21.0,0.008029160348491536,873
988,-19.0,0.008070372510701418,1145
989,-19.0,0.008151162839071318,1074
990,-20.0,0.00816846489906311,949
991,-21.0,0.008186226038055288,974
992,-19.0,0.008138157964612428,1301
993,-21.0,0.008200843249344163,820
994,-21.0,0.00835149351041764,872
995,-20.0,0.008146970719099044,950
996,-21.0,0.008224601740948856,802
997,-21.0,0.008096033066976815,824
998,-21.0,0.008261811919510365,900
999,-19.0,0.008141805464401842,1007
1000,-20.0,0.008205377077683807,1016
1001,-19.0,0.008371815434657037,1169
1002,-20.0,0.008275142405182123,981
1003,-20.0,0.008104736590757966,1019
1004,-21.0,0.008239889866672456,824
1005,-21.0,0.008314913138747215,783
1006,-20.0,0.0079962695017457,949
1007,-21.0,0.008119613048620522,824
1008,-20.0,0.008146426536970668,947
1009,-21.0,0.00818083481863141,972
1010,-20.0,0.00804517709184438,843
1011,-21.0,0.008044311931977669,870
1012,-21.0,0.008077570444179906,914
1013,-21.0,0.008168089151796367,850
1014,-20.0,0.008049616124480963,1033
1015,-20.0,0.008148689340386126,861
1016,-19.0,0.008137336745858193,1069
1017,-20.0,0.008091730446639385,1008
1018,-21.0,0.008209598147206836,966
1019,-21.0,0.00811677508884006,910
1020,-21.0,0.008254930066565672,824
1021,-19.0,0.008008000483228401,1146
1022,-21.0,0.007983485062140971,792
1023,-20.0,0.00828676103529605,1067
1024,-19.0,0.00836247568950057,1044
1025,-20.0,0.008318206347111199,919
1026,-20.0,0.008266271816359626,887
1027,-20.0,0.008106917556789186,931
1028,-19.0,0.008206526554810504,1120
1029,-21.0,0.008292388287372887,880
1030,-21.0,0.008378235054098897,842
1031,-20.0,0.008384188129143282,1098
1032,-20.0,0.008315654885437753,948
1033,-21.0,0.008058376959525049,811
1034,-20.0,0.00813604336739941,1035
1035,-21.0,0.008106866023606725,975
1036,-20.0,0.0082686147229238,1042
1037,-19.0,0.008200343571264635,1075
1038,-20.0,0.008156930756134292,1237
1039,-21.0,0.0082241991120908,941
1040,-20.0,0.008323825057595968,1008
1041,-21.0,0.00821963818743825,961
1042,-20.0,0.008351643061773344,1101
1043,-20.0,0.008000000985339284,954
1044,-21.0,0.008280562702566385,825
1045,-21.0,0.007926158400045501,942
1046,-18.0,0.008198409256610003,1033
1047,-20.0,0.008193343877792358,1183
1048,-16.0,0.00817378806985087,803
1049,-13.0,0.008270853664726019,805
1050,-17.0,0.008550813829060644,808
1051,-10.0,0.00804917246568948,810
1052,-17.0,0.007867028820328414,813
1053,-16.0,0.008173651702236384,815
1054,-17.0,0.008075167948845774,818
1055,-16.0,0.008065493719186634,820
1056,-17.0,0.008049572455800243,823
1057,-15.0,0.00822011788841337,825
1058,-19.0,0.008029972668737173,828
1059,-21.0,0.008132667746394873,824
1060,-17.0,0.007921427022665739,833
1061,-17.0,0.008208331884816289,835
1062,-17.0,0.008344626869075,838
1063,-16.0,0.008119202011989223,840
1064,-21.0,0.008304471150040627,824
1065,-16.0,0.007960079289558861,845
1066,-19.0,0.00819209625478834,848
1067,-18.0,0.008179122789038552,850
1068,-20.0,0.007856014126446098,853
1069,-12.0,0.008071938891791634,855
1070,-12.0,0.008030718774534762,858
1071,-15.0,0.007882156512803502,860
1072,-21.0,0.007881529279984534,824
1073,-14.0,0.00803424697369337,865
1074,-15.0,0.008137266617268324,868
1075,-11.0,0.008063831521819035,870
1076,-16.0,0.007982026785612106,873
1077,-15.0,0.008068363492687544,875
1078,-10.0,0.00789601419819519,878
1079,-16.0,0.007938528381701972,880
1080,-16.0,0.00791546314333876,883
1081,-15.0,0.008002853590167232,885
1082,-15.0,0.007967996566245953,888
1083,-16.0,0.007674808251774973,890
1084,-19.0,0.008025565546833806,893
1085,-10.0,0.00824777374509722,895
1086,-21.0,0.00811786214924521,885
1087,-20.0,0.008073690502593914,900
1088,-19.0,0.008092296723690297,903
1089,-19.0,0.008025102265593078,905
1090,-19.0,0.007873626425862312,908
1091,-20.0,0.007936794171109795,903
1092,-19.0,0.007879002019762993,913
1093,-14.0,0.007911754513366355,915
1094,-21.0,0.007734508893918246,853
1095,-21.0,0.00792871131044295,824
1096,-21.0,0.008167888270691037,852
1097,-20.0,0.0077378279012110494,904
1098,-20.0,0.007803921742985646,928
1099,-17.0,0.00770562756806612,930
1100,-21.0,0.00767115451162681,825
1101,-21.0,0.007737194964041312,885
1102,-17.0,0.007664036471396685,938
1103,-18.0,0.0076583444606512785,940
1104,-14.0,0.007421616413113143,943
1105,-21.0,0.007636453076783154,884
1106,-20.0,0.00771231553517282,843
1107,-21.0,0.007928117799262205,824
1108,-20.0,0.007618488485200537,903
1109,-21.0,0.007647804799489677,886
1110,-20.0,0.0074332985561341046,958
1111,-21.0,0.007598755260308583,884
1112,-21.0,0.007554307321293486,945
1113,-21.0,0.007428912859823968,916
1114,-16.0,0.007405443023890257,968
1115,-20.0,0.00764708137139678,970
1116,-9.0,0.007410415820777417,973
1117,-17.0,0.007443194484545125,975
1118,-20.0,0.007583242515102029,978
1119,-18.0,0.007473869947716594,980
1120,-21.0,0.0074505178361303276,945
1121,-19.0,0.007611125381663442,985
1122,-16.0,0.007407809374853969,988
1123,-19.0,0.007567167608067393,990
1124,-20.0,0.0075083492323756214,982
1125,-21.0,0.007339861243963242,912
1126,-21.0,0.00746106884131829,943
1127,-21.0,0.0075464639347046615,947
1128,-19.0,0.007505684904754162,1003
1129,-21.0,0.007645219936966896,1005
1130,-21.0,0.007577377313282341,824
1131,-15.0,0.007441859412938357,1010
1132,-17.0,0.00745719107799232,1013
1133,-21.0,0.0073234825395047665,782
1134,-21.0,0.007269244233611971,824
1135,-21.0,0.007362760789692402,915
1136,-21.0,0.007236803998239338,824
1137,-21.0,0.007479743217118084,824
1138,-20.0,0.0073574116919189695,981
1139,-21.0,0.007427890552207828,826
1140,-21.0,0.007339555821898911,854
1141,-20.0,0.007475097547285259,860
1142,-21.0,0.007450192468240857,824
1143,-21.0,0.0073138133792037315,1006
1144,-19.0,0.007221153471618891,1043
1145,-21.0,0.007663110794965178,844
1146,-18.0,0.0071710497987541285,1048
1147,-20.0,0.0072317436337471005,1042
1148,-21.0,0.007140527572482824,944
1149,-21.0,0.00706138073777159,944
1150,-20.0,0.007254432654008269,977
1151,-10.0,0.007371383295817809,1060
1152,-20.0,0.007260101692130168,981
1153,-17.0,0.007254371800544587,1065
1154,-19.0,0.007285470396957614,1068
1155,-21.0,0.007323462671289842,906
1156,-13.0,0.007388417397371747,1073
1157,-16.0,0.007277447171509266,1075
1158,-20.0,0.00720918093892661,1072
1159,-20.0,0.007427237695083022,1007
1160,-21.0,0.007463677925989032,1005
1161,-18.0,0.007333129348064011,1085
1162,-21.0,0.007406518736388534,824
1163,-18.0,0.007283827205273238,1090
1164,-21.0,0.007458116207271814,1008
1165,-21.0,0.007303750608116388,1038
1166,-20.0,0.007321017370982604,1098
1167,-21.0,0.007270608376711607,1004
1168,-21.0,0.007510428886032767,973
1169,-21.0,0.00722401360557838,1070
1170,-20.0,0.007485441656576263,917
1171,-21.0,0.007436058996245265,946
1172,-21.0,0.007448868767824024,886
1173,-21.0,0.007515815914505058,825
1174,-20.0,0.007445501396432519,1043
1175,-20.0,0.007552419789135456,923
1176,-20.0,0.007624182477593422,923
1177,-20.0,0.007452652137726545,993
1178,-21.0,0.0076621452656884985,976
1179,-20.0,0.007343660015612841,948
1180,-21.0,0.007555974026521047,872
1181,-21.0,0.0075684471521526575,1007
1182,-20.0,0.007511119171977043,1042
1183,-18.0,0.007409923498264768,1140
1184,-20.0,0.007587123002546529,1125
1185,-20.0,0.007493997225537896,1042
1186,-20.0,0.0074739788348476095,843
1187,-20.0,0.007563299033790827,980
1188,-21.0,0.0073908500166402925,917
1189,-21.0,0.007654014805501158,1064
1190,-19.0,0.007728605869818817,1134
1191,-20.0,0.007589300732231802,860
1192,-15.0,0.0076570881841083365,1163
1193,-21.0,0.007569623334954183,885
1194,-20.0,0.0074704719914330375,995
1195,-19.0,0.00760707154404372,1135
1196,-18.0,0.007651351547489564,1173
1197,-21.0,0.00772182741202414,1006
1198,-21.0,0.00778554654162791,978
1199,-21.0,0.007749505853280425,943
1200,-20.0,0.007632771856151521,1177
1201,-21.0,0.0076803474221378565,1069
1202,-14.0,0.007689000767034789,1188
1203,-21.0,0.007602294906973839,1179
1204,-15.0,0.007764061718868713,1193
1205,-21.0,0.007760184910148382,1004
1206,-20.0,0.007824279911195239,1198
1207,-21.0,0.007641378790140152,948
1208,-21.0,0.00788728982054939,1127
1209,-20.0,0.007945907573836545,1189
1210,-20.0,0.00795663963072002,1070
1211,-20.0,0.008036316965113987,1059
1212,-19.0,0.008053207614769539,1213
1213,-21.0,0.007808308815583587,1005
1214,-21.0,0.008051548385992646,824
1215,-20.0,0.008240572938864881,1087
1216,-20.0,0.008024897426366806,1121
1217,-21.0,0.008026297747467956,1201
1218,-21.0,0.008252573303050466,855
1219,-16.0,0.008186384026582042,1230
1220,-20.0,0.008084131655498194,1233
1221,-20.0,0.00832424545660615,860
1222,-15.0,0.007990600748194588,803
1223,-17.0,0.008185551385395229,805
1224,-12.0,0.008010347897652537,808
1225,-9.0,0.008021865195284287,803
1226,-18.0,0.007955423439852893,805
1227,-13.0,0.0079709668061696,808
1228,-16.0,0.008004250237718225,810
1229,-18.0,0.008001157664693892,813
1230,-12.0,0.007830596645362675,815
1231,-19.0,0.007951659034006298,818
1232,-15.0,0.007814041746314615,820
1233,-17.0,0.007840102693686882,823
1234,-15.0,0.007867257576435804,825
1235,-17.0,0.007785005844198167,828
1236,-13.0,0.007853092974983156,830
1237,-8.0,0.007888639811426401,833
1238,-13.0,0.007914690126199275,835
1239,-18.0,0.008005506928182311,838
1240,-13.0,0.007840183796361089,840
1241,-14.0,0.00804445199901238,843
1242,-10.0,0.008177485523952378,845
1243,-11.0,0.008006788790225983,848
1244,-14.0,0.00808392522028751,850
1245,-14.0,0.008021279703825712,853
1246,-13.0,0.008233210692803064,855
1247,-12.0,0.00812181900255382,858
1248,-16.0,0.008413666548828283,860
1249,-16.0,0.00838048549162017,863
1250,-7.0,0.0081877441261895,865
1251,-13.0,0.008294809247470565,868
1252,-20.0,0.008298114769988589,870
1253,-9.0,0.00824303791159764,873
1254,-11.0,0.008360571434928311,875
1255,-16.0,0.008181298875974284,878
1256,-17.0,0.008311487527357208,880
1257,-21.0,0.008337809122167528,871
1258,-16.0,0.008273118279046483,885
1259,-18.0,0.008206397450218597,888
1260,-14.0,0.008135141183932623,890
1261,-12.0,0.008225041131178537,803
1262,-16.0,0.008444303530268371,805
1263,-10.0,0.008192867273464799,808
1264,-11.0,0.008299450273625553,810
1265,-14.0,0.008326861192472279,813
1266,-19.0,0.008159016724675894,815
1267,-5.0,0.00819677032995969,818
1268,-13.0,0.008284706738777459,820
1269,-11.0,0.008340472769406106,823
1270,-10.0,0.008466887869872153,825
1271,-19.0,0.008522317162714899,828
1272,-14.0,0.008389044320210814,830
1273,-17.0,0.008380600096036991,833
1274,-12.0,0.008573175990022719,835
1275,-11.0,0.008324289073546728,838
1276,-17.0,0.008505917503498495,840
1277,-8.0,0.008320380176883191,843
1278,-19.0,0.008257192973461416,845
1279,-9.0,0.008628662792034447,848
1280,-17.0,0.00860702246427536,850
1281,-10.0,0.008510358864441514,853
1282,-12.0,0.008418017067015171,855
1283,-12.0,0.008500456460751593,858
1284,-17.0,0.008566180451048745,860
1285,-14.0,0.008308298575381437,863
1286,-16.0,0.00844744115602225,865
1287,-10.0,0.00862642222394546,868
1288,-11.0,0.008549457519418664,870
1289,-16.0,0.008550151949748397,873
1290,-15.0,0.008596324258380465,875
1291,-6.0,0.008646521717309952,878
1292,-17.0,0.008693066322141223,880
1293,-12.0,0.008601057860586379,883
1294,-14.0,0.008525177836418152,885
1295,-20.0,0.008514667136801614,843
1296,-10.0,0.008625484278632535,890
1297,-14.0,0.008844265403846899,893
1298,-19.0,0.008411515918042924,895
1299,-18.0,0.008644343560768498,898
1300,-16.0,0.008584253179530302,900
1301,-10.0,0.008651193852225939,903
1302,-15.0,0.008576241839263175,905
1303,-15.0,0.008532700542774465,908
1304,-13.0,0.008757462000681294,910
1305,-17.0,0.008398138193620576,913
1306,-16.0,0.008482713252305984,915
1307,-13.0,0.008471869656609165,918
1308,-8.0,0.008645289111882448,920
1309,-20.0,0.008850069716572762,923
1310,-18.0,0.008677256397075124,925
1311,-19.0,0.008710844545728631,928
1312,-17.0,0.008499888004735112,930
1313,-16.0,0.00862146769132879,933
1314,-15.0,0.008612044466038546,935
1315,-12.0,0.00863097384572029,938
1316,-13.0,0.008811517308155695,940
1317,-14.0,0.008636701386421919,943
1318,-20.0,0.008791532470948167,945
1319,-13.0,0.008636592369940545,948
1320,-16.0,0.008477434609085321,950
1321,-20.0,0.008527763291365571,953
1322,-20.0,0.008606016449630261,955
1323,-19.0,0.008634513709694147,958
1324,-17.0,0.008352610593040785,960
1325,-16.0,0.008543553948402404,963
1326,-19.0,0.00880423415866163,965
1327,-10.0,0.008579244092106818,968
1328,-20.0,0.008744482882320881,970
1329,-12.0,0.008645992632955313,973
1330,-16.0,0.008762208848363824,975
1331,-21.0,0.008704049719704522,854
1332,-21.0,0.008644676560329067,946
1333,-14.0,0.008810351416468621,983
1334,-19.0,0.008436974696815014,985
1335,-19.0,0.008674908056855201,988
1336,-20.0,0.008481530783077082,919
1337,-20.0,0.008655565232038498,982
1338,-19.0,0.008650710433721542,995
1339,-15.0,0.008685382083058357,998
1340,-11.0,0.00855680126696825,1000
1341,-20.0,0.008764692582190037,982
1342,-20.0,0.008484173915348947,843
1343,-13.0,0.008392780926078558,1008
1344,-17.0,0.00852424670010805,1010
1345,-15.0,0.008680038806051015,1013
1346,-10.0,0.008741251870312473,1015
1347,-17.0,0.008673272840678693,1018
1348,-14.0,0.00887131066992879,1020
1349,-16.0,0.008654913306236267,1023
1350,-15.0,0.008641363680362701,1025
1351,-21.0,0.008611780474893749,802
1352,-15.0,0.008684700354933739,1030
1353,-13.0,0.008782212901860476,1033
1354,-21.0,0.00870025074109435,945
1355,-19.0,0.008719675553341707,998
1356,-19.0,0.00864393213255839,1040
1357,-21.0,0.008575403480790555,825
1358,-21.0,0.00846085570413958,1036
1359,-21.0,0.00863295772837268,913
1360,-11.0,0.008766475412994624,1050
1361,-20.0,0.008745655231177808,965
1362,-10.0,0.00853668125346303,1055
1363,-21.0,0.008427855744957923,944
1364,-20.0,0.008457838971581724,950
1365,-16.0,0.008642854931002314,1063
1366,-21.0,0.008578769396990538,824
1367,-21.0,0.008660720754414796,946
1368,-20.0,0.008660835097543895,843
1369,-21.0,0.008662547398772504,886
1370,-18.0,0.008486641655591402,1075
1371,-17.0,0.008494369871914386,1078
1372,-21.0,0.008552941409024324,1056
1373,-9.0,0.008606728166341782,1083
1374,-21.0,0.00848129184709655,885
1375,-16.0,0.008490970104255459,1088
1376,-18.0,0.008488476928323507,1090
1377,-20.0,0.008519073524935679,1093
1378,-21.0,0.008519106730818748,976
1379,-21.0,0.008447461554573642,886
1380,-20.0,0.008381378464400768,1025
1381,-18.0,0.008411231535402212,1103
1382,-20.0,0.00836613088507544,1102
1383,-18.0,0.008184303360229189,1108
1384,-15.0,0.008158279709856619,1110
1385,-21.0,0.00841295024888082,1005
1386,-19.0,0.008406283892691135,999
1387,-20.0,0.008174096361141314,1102
1388,-21.0,0.008127018343657255,854
1389,-14.0,0.008180899714881723,1123
1390,-18.0,0.008261517311135927,1125
1391,-17.0,0.008386950855228033,1128
1392,-17.0,0.008275216275995428,1130
1393,-18.0,0.008054579904472286,1133
1394,-17.0,0.00821058580186218,1135
1395,-12.0,0.008330322632735426,1138
1396,-17.0,0.00819257297553122,1140
1397,-20.0,0.008207487027076158,1117
1398,-19.0,0.00824785918336023,1145
1399,-9.0,0.00835127600779136,1148
1400,-17.0,0.008424916346980766,1150
1401,-13.0,0.008121206851986548,1153
1402,-18.0,0.008340344933623617,1155
1403,-20.0,0.008322203066200018,1145
1404,-17.0,0.008174516345289621,1160
1405,-16.0,0.008316868140051762,1163
1406,-20.0,0.008211476516655901,1071
1407,-21.0,0.008438263850455935,1157
1408,-19.0,0.008545790333300829,1142
1409,-5.0,0.008130494589832697,1173
1410,-20.0,0.008437611744739115,1116
1411,-21.0,0.008538516890257596,1061
1412,-18.0,0.00840963718170921,1180
1413,-19.0,0.008220562457361004,1074
1414,-15.0,0.008419342222623527,1185
1415,-13.0,0.008517961271784523,1188
1416,-18.0,0.008407440191755692,1190
1417,-19.0,0.008543348560730616,1193
1418,-19.0,0.00846210983581841,1195
1419,-20.0,0.00867536112976571,1189
1420,-18.0,0.008486579560364286,1200
1421,-20.0,0.008579473349858414,1085
1422,-18.0,0.008625816941882173,1205
1423,-16.0,0.008752380264922976,1208
1424,-19.0,0.008576706644486298,1132
1425,-17.0,0.00871557928621769,1213
1426,-14.0,0.008816022891551256,1215
1427,-20.0,0.008774070407856594,1122
1428,-12.0,0.008763217056790987,1220
1429,-17.0,0.008733421641712388,1223
1430,-16.0,0.008926809192276917,1225
1431,-10.0,0.008915742626413703,1228
1432,-17.0,0.008987698704004288,1230
1433,-20.0,0.008862144158532223,1222
1434,-20.0,0.009011101350188256,980
1435,-14.0,0.0088516642841009,1238
1436,-19.0,0.008914685575291514,1240
1437,-21.0,0.008770633116364479,1037
1438,-17.0,0.008963194532463184,1245
1439,-18.0,0.008853356741989652,1248
1440,-20.0,0.009006966060648361,1161
1441,-20.0,0.008958445861935616,1160
1442,-20.0,0.008934704801784111,1241
1443,-14.0,0.008917023117343584,1258
1444,-20.0,0.008894663050093433,1042
1445,-21.0,0.00902116849002513,1157
1446,-15.0,0.008894704855405368,1265
1447,-17.0,0.008760145220618982,1268
1448,-20.0,0.008935054764151573,1138
1449,-19.0,0.008939198648127226,1273
1450,-21.0,0.008982848934829235,1057
1451,-19.0,0.00886978918256668,1278
1452,-20.0,0.008797644637525082,982
1453,-14.0,0.008927556972664136,1283
1454,-20.0,0.008900560904294252,1028
