,charts/SPS,charts/beta,charts/episodic_length,charts/episodic_return,_timestamp,losses/td_loss,_step,global_step,_runtime,losses/q_values
0,,0.5510861,,,1754425255.5013285,,1528,84200.0,406.349665776,
1,,,303.0,-21.0,1754425622.4060667,,3525,122780.0,758.097756472,
2,,,,,1754426011.0773575,,5649,164800.0,1162.011373929,-0.46288744
3,,,,,1754426095.6254308,,6089,173900.0,1237.109062116,-0.4750193
4,,,,,1754426273.611056,,6975,192500.0,1422.19015714,-0.42942968
5,,,364.0,,1754426279.072831,,7001,193088.0,1422.191692454,
6,,,,,1754426406.0656903,,7622,206100.0,1562.247427497,-0.40420607
7,,,,,1754426434.3435957,3.7805662,7758,209100.0,1582.255989348,
8,,,,,1754426532.1861975,,8258,219600.0,1672.304655759,-0.4775201
9,,,,,1754426552.9444728,3.353403,8362,221800.0,1702.311380688,
10,,,,-20.0,1754426567.7040527,,8436,223377.0,1717.317049685,
11,,,,,1754426623.3061051,3.7711902,8711,229300.0,1762.332556111,
12,,,402.0,-19.0,1754426687.2099216,,9018,236412.0,1822.901198477,
13,,,,,1754426920.0900588,,10233,261700.0,2057.463043279,-0.6179844
14,,0.5596019,,,1754427016.2322955,,10730,272300.0,2162.519117198,
15,,,,,1754427210.0689929,,11703,293500.0,2362.595616202,-0.63970256
16,125.0,,,,1754427231.765918,,11813,295900.0,2377.604499403,
17,,,,,1754427560.294571,,13433,331700.0,2707.763789411,-0.62528586
18,122.0,,,,1754427709.498621,,14157,347800.0,2862.845482176,
19,,0.56551903,,,1754428213.8163993,,16631,403000.0,3358.057146108,
20,,,,,1754428571.0641313,3.661633,18337,441800.0,3723.193408039,
21,,0.5673209,,,1754428579.8502233,,18384,442800.0,3723.196517373,
22,,0.5676514,,,1754428646.632738,,18701,450100.0,3788.369631283,
23,,,,,1754428905.3995879,3.624573,19956,478800.0,4043.499978887,
24,,,,,1754429035.9543896,3.63321,20578,493100.0,4183.556669365,
25,,0.5702319,,,1754429161.5539796,,21191,507100.0,4303.675398018,
26,,,,,1754429190.4108372,,21326,510200.0,4343.693251501,-0.7487229
27,,,,,1754429201.7337134,,21376,511400.0,4343.697002885,-0.63077366
28,,,,,1754429257.7633824,,21645,517600.0,4408.719317033,-0.54378664
29,,,923.0,-9.0,1754429284.7963908,,21701,520582.0,4420.487631979,
30,,,,,1754429310.8249943,,21892,523400.0,4458.744436163,-0.57996356
31,,0.57148594,,,1754429416.9180818,,22386,534800.0,4563.803403496,
32,,,,,1754429429.9341176,3.5905137,22443,536200.0,4578.807307526,
33,,,,,1754429609.3831081,3.594882,23296,556000.0,4748.905961598,
34,,,,,1754429859.2437334,3.5490677,24460,582900.0,5009.013153684,
35,116.0,,,,1754429940.7614331,,24837,591700.0,5079.042702532,
36,116.0,,,,1754429991.2490685,,25066,597100.0,5129.063943842,
37,,0.57523,,,1754430175.1845827,,25940,617500.0,5319.253454333,
38,,,,,1754430238.8276613,3.5320075,26243,624700.0,5384.281208378,
39,,,,,1754430705.5191114,3.4874077,28406,675400.0,5849.750035961,
40,,,,,1754430875.40472,3.4852877,29214,694400.0,6019.820946165,
41,115.0,,,,1754431082.3423707,,30184,717100.0,6224.90507468,
42,115.0,,,,1754431703.4036174,,33086,785300.0,6840.168603173,
43,,0.5833836,,,1754431815.693481,,33612,797600.0,6965.234489843,
44,,,,,1754431821.7278533,3.3745487,33637,798300.0,6965.238777279,
45,114.0,,,,1754432144.5386028,,35137,833500.0,7290.388466564,
46,,0.58586,,,1754432320.02757,,35937,852300.0,7460.461968895,
47,114.0,,,,1754432371.2543502,,36165,857700.0,7515.483872964,
48,,0.5861543,,,1754432381.5431886,,36213,858800.0,7530.487493983,
49,114.0,,,,1754432721.5893562,,37771,895600.0,7870.666259225,
50,,0.58782935,,,1754432723.8667464,,37780,895800.0,7870.66695376,
51,,0.5885809,,,1754432875.5507324,,38487,912400.0,8025.723067331,
52,,,,,1754433003.660501,3.3429198,39087,926600.0,8145.773859898,
53,113.0,,,,1754433026.9269485,,39196,929100.0,8180.782374117,
54,113.0,,,,1754433055.0411475,,39328,932200.0,8200.795249861,
55,,,,,1754433324.6084783,3.351601,40560,961300.0,8475.908016449,
56,,,,6.0,1754433674.041357,,42177,999405.0,8816.065758428,
57,,,,,1754433759.9598398,,42570,1008700.0,8901.117857622,-0.36586714
58,,,,,1754434244.3978822,,44809,1061500.0,9396.330131539,-0.2708335
59,,,,,1754434390.8359342,3.2017517,45478,1077300.0,9536.389017345,
60,,0.59633154,,,1754434449.2070243,,45748,1083600.0,9591.711754958,
61,,,,,1754434478.9483654,,45886,1086900.0,9621.721668074,-0.1605433
62,,,,,1754434513.7039623,3.2833397,46044,1090700.0,9656.73364437,
63,113.0,,,,1754434668.9929824,,46767,1107700.0,9806.800486398,
64,,,,,1754434903.248203,3.1098816,47857,1133400.0,10046.901507477,
65,,,1140.0,,1754434938.158666,,48031,1137449.0,10081.929284401,
66,,,,,1754435011.2763398,,48376,1145600.0,10151.959395529,-0.25596768
67,,,,,1754435036.3499174,,48495,1148400.0,10186.974143792,-0.12857613
68,,,,,1754435230.5842273,,49411,1169900.0,10377.07969696,-0.17113842
69,,,,,1754435472.4440935,3.1752012,50536,1196400.0,10617.194376711,
70,112.0,,,,1754435498.308797,,50661,1199300.0,10647.205213857,
71,,0.6023392,,,1754435649.6168997,,51383,1216300.0,10802.270795465,
72,,,,,1754435651.2178319,,51389,1216500.0,10802.270929368,-0.07806144
73,,0.60274667,,,1754435730.0475082,,51763,1225300.0,10872.298775212,
74,,,,,1754435858.8555455,3.1902702,52371,1239700.0,11012.356307774,
75,,,,,1754435948.3928888,,52771,1249100.0,11097.390920657,-0.0648724
76,,0.6043493,,,1754436055.2002635,,53267,1260700.0,11202.439875837,
77,,0.60518235,,,1754436222.1584709,,54048,1279100.0,11367.513487414,
78,112.0,,,,1754436320.6457999,,54506,1289900.0,11472.557892266,
79,,0.60571206,,,1754436329.3364732,,54543,1290800.0,11472.560153642,
80,,,1271.0,,1754436388.0768425,,54813,1297175.0,11542.587002441,
81,112.0,,,,1754436503.5606892,,55336,1309400.0,11642.629879843,
82,,,,,1754436506.257876,,55347,1309700.0,11642.630100551,-0.20332867
83,,0.6071562,,,1754436629.0430014,,55901,1322700.0,11782.699457776,
84,,,,,1754436863.7544942,,56984,1348300.0,12002.801757094,-0.053169534
85,112.0,,,,1754437021.1924121,,57700,1365200.0,12157.867189985,
86,,,,,1754437074.235714,,57944,1370900.0,12227.890640193,-0.2432903
87,112.0,,,,1754437074.2373796,,57945,1370900.0,12227.890661665,
88,112.0,,,,1754437118.2332377,,58144,1375600.0,12262.907210763,
89,,,,,1754437204.2075539,3.0540571,58527,1384700.0,12347.941912835,
90,,,,,1754437530.7910774,,60015,1419700.0,12673.096188971,-0.07691336
91,112.0,,,,1754437578.6968794,,60232,1424800.0,12723.113451378,
92,112.0,,,,1754437829.9134429,,61388,1452100.0,12983.214121014,
93,,,,,1754437865.6785038,2.6746366,61543,1455800.0,13018.248177571,
94,,,,,1754437891.503748,,61661,1458600.0,13033.256403751,-0.15601346
95,,,,,1754438080.0109262,3.024067,62519,1478800.0,13223.330310848,
96,,,,,1754438102.8937302,2.9767377,62622,1481200.0,13258.337034782,
97,,,,,1754438514.5693784,,64513,1525700.0,13668.553933079,-0.021732777
98,111.0,,,,1754438526.0419688,,64568,1527000.0,13668.556711164,
99,,,,,1754438665.8008544,,65211,1542200.0,13803.616794541,-0.07100814
100,111.0,,,,1754438834.178884,,66005,1560800.0,13978.687550596,
101,,,,,1754438860.3043673,,66129,1563700.0,14008.694870284,0.009036578
102,,,,,1754438949.5334523,,66556,1573700.0,14093.732770174,0.09213629
103,,,1246.0,1.0,1754439195.447726,,67637,1600728.0,14331.139139475,
104,,,,,1754439339.1814172,2.8789427,68371,1616300.0,14493.969862071,
105,,,,,1754439402.8320844,2.0754921,68667,1623300.0,14543.993119596,
106,,,,,1754439874.7002332,,70910,1675800.0,15019.222839364,0.169014
107,,,,,1754439933.5187333,,71189,1682300.0,15089.247196102,-0.014950488
108,111.0,,,,1754439974.9470267,,71385,1686900.0,15124.271143183,
109,111.0,,,,1754439979.998508,,71405,1687400.0,15124.272231578,
110,,,,,1754440027.3865454,,71635,1692800.0,15174.291989609,0.06605895
111,,,,13.0,1754440045.0133438,,71717,1694719.0,15189.296179364,
112,,,,,1754440175.0584857,,72331,1709200.0,15329.362585123,0.13035521
113,,,,,1754440200.9458158,,72455,1712100.0,15344.369617351,-0.05536706
114,,,,,1754440212.0108685,,72507,1713300.0,15364.375244533,0.18909526
115,111.0,,,,1754440232.863785,,72609,1715700.0,15379.382544984,
116,,,,,1754440337.7478607,,73098,1727200.0,15484.428755919,0.08697261
117,111.0,,,,1754440445.7036018,,73624,1739500.0,15599.493880379,
118,,,,,1754440636.0486352,,74532,1760900.0,15774.576740238,0.20861058
119,,0.62707615,,,1754440651.6431758,,74609,1762700.0,15789.584163103,
120,,0.62810385,,,1754440854.682187,,75581,1785400.0,15999.688546735,
121,111.0,,,,1754440943.0871198,,76004,1795400.0,16084.725069762,
122,111.0,,,,1754440946.2566366,,76022,1795800.0,16084.725966663,
123,,,,,1754441220.8000233,,77327,1826300.0,16374.84273601,0.06332243
124,111.0,,,,1754441335.5940537,,77875,1839100.0,16479.89348153,
125,111.0,,,,1754441389.181854,,78130,1845100.0,16529.932095357,
126,,,,,1754441495.541058,,78635,1856900.0,16649.976104742,0.048806824
127,,,,,1754441514.90835,,78728,1859100.0,16664.982289233,0.23465423
128,,,,,1754441643.9533079,2.7975435,79341,1873500.0,16785.033594132,
129,,,,,1754441837.8505476,2.5504303,80271,1895300.0,16990.124458602,
130,,,,,1754441841.8144894,,80288,1895700.0,16990.124962187,0.23304087
131,,0.6341885,,,1754442055.229162,,81317,1919800.0,17200.212450308,
132,,,,,1754442114.1753633,2.7715452,81601,1926500.0,17265.238982069,
133,,,,,1754442117.2672758,,81618,1926900.0,17265.244609408,0.15070695
134,111.0,,,,1754442280.8968174,,82409,1945500.0,17420.324410398,
135,,,,,1754442324.7134745,2.6653645,82616,1950400.0,17470.344609145,
136,,0.6361171,,,1754442431.1123302,,83129,1962400.0,17575.384467512,
137,,,,1.0,1754442611.8582475,,83987,1982625.0,17760.499892658,
138,,0.6377152,,,1754442746.218937,,84630,1997700.0,17885.571150218,
139,,,,,1754442764.3965793,,84716,1999700.0,17920.594854788,0.18597497
140,,,,,1754442816.3766131,2.7577434,84958,2005400.0,17970.620972465,
141,,,,,1754442823.0754411,1.8391773,84990,2006200.0,17970.623112518,
142,,,1148.0,3.0,1754442883.8879385,,85204,2013037.0,18019.579198143,
143,,,,,1754442986.4239142,,85780,2024700.0,18125.691091352,0.19297537
144,111.0,,,,1754443055.6696572,,86121,2032700.0,18205.717073682,
145,,,,,1754443227.013364,2.7161856,86944,2052100.0,18365.802669486,
146,,,,,1754443258.8513882,,87102,2055800.0,18395.815328597,0.23249964
147,,,,,1754443273.0148036,2.7134416,87171,2057400.0,18415.823376438,
148,,0.6415045,,,1754443483.8031585,,88196,2081400.0,18635.916154598,
149,,,,,1754443485.3970544,,88204,2081600.0,18635.916444708,0.21123092
150,,,,,1754443546.7171109,2.621018,88494,2088500.0,18685.934760303,
151,,,,,1754443738.7118285,2.655986,89414,2110100.0,18877.739539185,
152,,,,,1754443770.251243,,89576,2113800.0,18922.753606952,0.24576862
153,111.0,,,,1754443982.348089,,90606,2138000.0,19132.857007446,
154,,,,,1754444010.1613913,2.646607,90739,2141200.0,19147.866085867,
155,,,,,1754444379.2420518,2.689995,92534,2183300.0,19523.012959887,
156,,,,,1754444689.5397208,,94055,2219000.0,19838.144771726,0.30093664
157,,,,,1754444996.2284029,2.3777835,95553,2254100.0,20143.270533896,
158,112.0,,,,1754445060.5570087,,95869,2261400.0,20213.301215114,
159,,,,,1754445228.9608004,1.821984,96687,2280600.0,20383.369267203,
160,,,,,1754445401.8620536,2.6175587,97533,2300400.0,20543.452750811,
161,,,,,1754445613.5351057,2.6120453,98565,2324600.0,20758.56049975,
162,,0.6525963,,,1754445629.010686,,98646,2326400.0,20778.566147662,
163,,0.65303093,,,1754445711.7920907,,99054,2336000.0,20858.601610273,
164,,,,,1754446065.834475,,100774,2376300.0,21203.750108148,0.27899802
165,,0.6553081,,,1754446155.0473502,,101200,2386300.0,21293.797570753,
166,,0.6554168,,,1754446175.970002,,101303,2388700.0,21323.807448457,
167,,,,,1754446263.8533802,2.3829782,101728,2398700.0,21413.840979984,
168,,,,,1754446568.0521326,2.3229961,103192,2432900.0,21718.961386459,
169,112.0,,,,1754446677.233044,,103715,2445100.0,21824.001332771,
170,112.0,,,,1754446822.3655064,,104414,2461500.0,21964.078344597,
171,,0.6590703,,,1754446893.125792,,104753,2469400.0,22044.108069479,
172,,,,,1754447075.4377406,2.5335217,105631,2490000.0,22219.183501325,
173,,,,11.0,1754447122.7121594,,105860,2495325.0,22269.2056437,
174,,0.6607771,,,1754447227.2289593,,106364,2507100.0,22374.247322979,
175,,0.6609627,,,1754447263.3474488,,106538,2511200.0,22404.261757301,
176,,,,,1754447426.493063,2.5549285,107326,2529700.0,22564.347625378,
177,,,,,1754447443.7078118,2.312148,107406,2531600.0,22584.355074541,
178,,,,,1754447548.432785,2.5104685,107914,2543400.0,22699.39859588,
179,,,,,1754447612.6689167,,108226,2550700.0,22764.423034572,0.26517445
180,,,,,1754448205.013,2.4734113,111081,2617700.0,23349.688246906,
181,,0.6665131,,,1754448347.718552,,111772,2633800.0,23504.749869313,
182,112.0,,,,1754448362.0288267,,111839,2635400.0,23504.75978916,
183,,,,,1754448638.8012764,,113169,2666600.0,23779.884676685,0.2878124
184,112.0,,,,1754448666.7773218,,113304,2669700.0,23814.893615889,
185,112.0,,,,1754448680.198993,,113367,2671200.0,23829.899137266,
186,,,1190.0,,1754448776.7270129,,113829,2682096.0,23919.940331058,
187,,0.66964597,,,1754448961.1752944,,114723,2703000.0,24100.041298987,
188,,,,,1754449073.8612316,,115260,2715600.0,24225.08729886,0.3217771
189,,0.6709046,,,1754449208.5608056,,115912,2730800.0,24360.152177365,
190,112.0,,,,1754449330.5011814,,116501,2744600.0,24480.208548708,
191,,,1300.0,4.0,1754449561.3185713,,117545,2770684.0,24697.00992046,
192,,,,,1754449831.7130246,,118907,2801100.0,24980.420258488,0.3290155
193,,0.6753141,,,1754450071.7275915,,120065,2828200.0,25220.533396081,
194,,,,,1754450223.3772073,,120793,2845300.0,25375.590156416,0.5035728
195,,0.6763644,,,1754450276.908909,,121056,2851400.0,25420.61053384,
196,112.0,,,,1754450465.4741318,,121965,2872700.0,25615.690397099,
197,,,,,1754450925.7179737,2.199731,124180,2924600.0,26080.871626528,
198,,,,,1754450942.6699324,,124260,2926500.0,26095.877701347,0.46239996
199,,,,,1754450985.5986276,,124470,2931400.0,26125.891767236,0.32414746
200,112.0,,,,1754451006.0083673,,124570,2933700.0,26160.898598356,
201,112.0,,,,1754451305.8205237,,126001,2967300.0,26456.036559204,
202,,0.6830557,,,1754451590.2057173,,127362,2999200.0,26741.160032172,
203,,0.6833409,,,1754451645.4966307,,127632,3005500.0,26796.182802661,
204,,0.6836261,,,1754451701.9510682,,127901,3011800.0,26846.201707308,
205,,0.6838525,,,1754451746.3757172,,128113,3016800.0,26886.218475351,
206,,,,,1754451864.6738718,2.3257365,128685,3030200.0,27006.279710753,
207,,0.6851382,,,1754451998.8975518,,129330,3045200.0,27141.35075422,
208,112.0,,,,1754452375.3092887,,131126,3087200.0,27516.505901222,
209,,,,,1754452386.829827,,131181,3088500.0,27536.510646475,0.4125769
210,,0.68809456,,,1754452585.6355786,,132124,3110500.0,27726.581106821,
211,,,,,1754452729.063125,2.234793,132809,3126600.0,27876.654151502,
212,,,,,1754452846.275691,,133374,3139800.0,27996.700949513,0.47835088
213,112.0,,,,1754452910.6183383,,133681,3147000.0,28061.728943534,
214,,0.6898375,,,1754452927.8238158,,133768,3149000.0,28081.73510361,
215,,,,,1754452992.4159698,2.321012,134078,3156400.0,28131.759169893,
216,,,921.0,11.0,1754453011.7382221,,134098,3158592.0,28147.429612221,
217,,,,,1754453217.0563965,,135179,3182100.0,28356.863300286,0.40933758
218,112.0,,,,1754453501.8504543,,136577,3214700.0,28646.989426138,
219,112.0,,,,1754453782.3233669,,137947,3246700.0,28927.113736586,
220,112.0,,,,1754453814.8600616,,138107,3250500.0,28957.125783083,
221,112.0,,,,1754453939.66845,,138714,3264700.0,29077.182359946,
222,112.0,,,,1754453952.070268,,138774,3266100.0,29097.189511883,
223,,,1008.0,13.0,1754454078.4840055,,139307,3280595.0,29214.175271818,
224,,,,,1754454068.7223687,2.2347198,139345,3279500.0,29217.247477525,
225,,,1208.0,,1754454192.6849382,,139948,3293515.0,29332.29834893,
226,,,,,1754454203.183487,,139998,3294700.0,29352.305670892,0.39497012
227,,,,,1754454542.3991156,,141645,3333300.0,29697.453740529,0.46025664
228,,0.69893736,,,1754454688.298803,,142361,3350000.0,29827.505272211,
229,,,,,1754454770.351202,2.2289257,142755,3359300.0,29917.537659295,
230,112.0,,,,1754454780.80395,,142807,3360500.0,29917.541418018,
231,112.0,,,,1754454882.929986,,143304,3372100.0,30022.588114158,
232,,0.7001416,,,1754454922.2241051,,143499,3376600.0,30067.602879369,
233,,,,,1754455066.124216,2.1233733,144191,3392900.0,30207.662039167,
234,112.0,,,,1754455353.3673606,,145589,3425500.0,30502.76402532,
235,,0.7043836,,,1754455747.5351808,,147507,3470300.0,30892.950988035,
236,,0.70633036,,,1754456126.6703997,,149345,3513300.0,31273.113237342,
237,,,1174.0,,1754456155.5528865,,149488,3516653.0,31303.123538468,
238,,,,,1754456196.1637158,2.1518335,149686,3521300.0,31343.140427517,
239,,,,,1754456450.4730043,,150928,3550300.0,31598.246414139,0.4853811
240,,0.70817745,,,1754456484.4450274,,151093,3554100.0,31628.265215746,
241,112.0,,,,1754456741.613272,,152345,3583400.0,31888.396252718,
242,112.0,,,,1754456800.6089683,,152627,3590000.0,31943.416667868,
243,,0.7099929,,,1754456837.426065,,152809,3594200.0,31988.428076575,
244,,0.7106765,,,1754456970.4660873,,153456,3609300.0,32108.485721675,
245,,,,,1754457064.9673638,,153913,3620000.0,32213.518563348,0.5231329
246,112.0,,,,1754457174.5214806,,154443,3632400.0,32318.584775719,
247,,,,,1754457428.1754482,1.9264091,155681,3661300.0,32573.681992804,
248,,0.71317554,,,1754457455.6889517,,155821,3664500.0,32603.693534819,
249,,,,,1754457787.3400068,,157445,3702500.0,32933.837260301,0.45136863
250,,,,,1754458050.0569923,,158738,3732700.0,33188.941984299,0.43077803
251,,0.71750814,,,1754458291.5328848,,159916,3760200.0,33429.035463627,
252,,0.7176485,,,1754458318.3374164,,160049,3763300.0,33464.04573814,
253,,,,,1754458384.1011226,2.1383553,160374,3770900.0,33534.074686541,
254,112.0,,,,1754458489.8893173,,160889,3782900.0,33639.119984185,
255,,,,1.0,1754458518.5865085,,161027,3786136.0,33674.129885238,
256,112.0,,,,1754458588.6831396,,161366,3794100.0,33729.157453713,
257,,0.7190474,,,1754458589.6797302,,161373,3794200.0,33744.159392716,
258,112.0,,,,1754458630.4968534,,161570,3798800.0,33774.173523118,
259,112.0,,,,1754458701.0290208,,161915,3806900.0,33849.199912668,
260,,,,,1754458769.7334428,,162250,3814800.0,33909.223720629,0.5369672
261,,,,,1754458860.9839616,1.4164826,162697,3825300.0,33999.257192314,
262,,,,,1754459055.0925033,,163655,3847600.0,34194.353105623,0.4206658
263,,,,,1754459070.6390953,2.0955706,163731,3849400.0,34219.357707838,
264,,,,,1754459385.6311018,2.0478606,165274,3885400.0,34524.496349123,
265,,,,,1754459401.5261848,1.9607058,165346,3887100.0,34544.501911304,
266,,0.72336644,,,1754459423.4446537,,165457,3889600.0,34564.516249688,
267,,,,,1754459567.6833522,,166166,3906200.0,34719.577141181,0.40366688
268,,,,,1754459876.154258,,167688,3941800.0,35024.70141976,0.5088411
269,,,,,1754460002.8222158,,168308,3956300.0,35154.75888211,0.41235182
270,,,,,1754460067.9832983,,168632,3963900.0,35214.793506674,0.43774804
271,112.0,,,,1754460494.9017966,,170719,4012600.0,35640.00171397,
272,,0.7290844,,,1754460523.8648472,,170862,4015900.0,35680.014035435,
273,,,,,1754460562.8283148,,171051,4020400.0,35710.025020098,0.43396482
274,112.0,,,,1754460567.5396984,,171076,4021000.0,35710.025733322,
275,,,,,1754460982.605466,,173117,4068600.0,36125.2266635,0.40493593
276,,,,,1754461175.7906055,,174076,4090900.0,36325.304052594,0.5998881
277,,,,,1754461527.51253,,175793,4131000.0,36670.445961345,0.5788774
278,112.0,,,,1754461915.1772766,,177705,4175600.0,37060.601982618,
279,,,,,1754461979.1261194,1.9305365,178015,4182900.0,37120.62208108,
280,,0.7371021,,,1754462066.826299,,178454,4193000.0,37205.655543627,
281,,0.73721075,,,1754462088.1409214,,178558,4195400.0,37240.667312791,
282,112.0,,,,1754462252.8302758,,179367,4214300.0,37404.261065091,
283,,,931.0,,1754462337.5034122,,179784,4224065.0,37476.312848614,
284,,,,,1754462401.0216265,,180097,4231400.0,37541.339489967,0.7013031
285,,0.7392118,,,1754462472.4424183,,180451,4239600.0,37614.126473021,
286,,,,,1754462522.8347452,1.8907431,180691,4245300.0,37664.147997981,
287,,,,,1754462528.617258,1.9725232,180722,4246000.0,37679.149788743,
288,112.0,,,,1754462670.8230917,,181425,4262400.0,37824.206145727,
289,,,,,1754462703.2568586,,181586,4266200.0,37854.219117177,0.64703596
290,,,,,1754462792.1868057,1.7256861,182020,4276400.0,37944.257105842,
291,112.0,,,,1754462812.3079844,,182119,4278700.0,37959.263924441,
292,,,,,1754462872.054952,2.0511644,182415,4285700.0,38019.282442951,
293,,0.7415071,,,1754462912.4456146,,182615,4290300.0,38064.307993575,
294,,,,,1754462958.7613459,2.0477862,182842,4295700.0,38109.324120522,
295,,,,,1754463028.3576179,1.95541,183183,4303700.0,38169.346976632,
296,,,,,1754463205.6184533,1.8949033,184056,4324100.0,38349.41845281,
297,,,,,1754463340.9125133,,184723,4339700.0,38484.47484702,0.5268882
298,,,,,1754463495.0791676,,185489,4357600.0,38634.530766352,0.3372596
299,,,,12.0,1754463610.9380057,,186061,4370948.0,38754.590457117,
300,,,,,1754463979.2391593,,187881,4413400.0,39124.757573055,0.6236584
301,,,,,1754463981.5468476,2.053705,187892,4413700.0,39124.757895586,
302,,,1286.0,,1754464056.837451,,188263,4422340.0,39204.786804336,
303,,,,,1754464218.1943486,1.3959564,189050,4440800.0,39359.860525973,
304,112.0,,,,1754464373.40703,,189817,4458700.0,39519.912033857,
305,,,,,1754464381.4907343,,189856,4459600.0,39534.917554174,0.6268185
306,,0.75019497,,,1754464577.0308347,,190827,4482200.0,39714.995515907,
307,,,,,1754464626.7190814,,191072,4488000.0,39775.020401873,0.4377613
308,112.0,,,,1754464641.342351,,191147,4489700.0,39790.027744303,
309,,,,,1754464797.2535312,,191914,4507700.0,39940.09078771,0.51985407
310,,0.7518836,,,1754464899.1299174,,192421,4519500.0,40045.140966626,
311,,,,,1754464902.0134757,2.035305,192430,4519800.0,40045.141658643,
312,,,,15.0,1754464919.75535,,192520,4521853.0,40060.148942116,
313,,0.7529068,,,1754465096.0958645,,193391,4542100.0,40240.223290245,
314,112.0,,,,1754465195.3247035,,193879,4553500.0,40340.265452826,
315,,0.7544687,,,1754465396.766991,,194866,4576600.0,40540.348935824,
316,,0.7545411,,,1754465410.8448713,,194934,4578200.0,40555.354119093,
317,,,,,1754465446.9726017,,195113,4582400.0,40600.370868778,0.5165537
318,,,,,1754465679.30224,,196255,4609100.0,40825.464196295,0.533755
319,,,,,1754466228.6607125,,198949,4672000.0,41380.698724148,0.6349308
320,112.0,,,,1754466529.3225822,,200429,4706600.0,41680.808639902,
321,,,,,1754466852.9982352,1.9863428,202028,4744000.0,41995.93044268,
322,113.0,,,,1754467135.4535468,,203405,4776200.0,42281.06783451,
323,,,1303.0,5.0,1754467357.6715786,,204447,4801472.0,42493.362846295,
324,,0.76559216,,,1754467538.5313556,,205376,4822300.0,42686.23668632,
325,,,,,1754467683.8346121,1.814115,206093,4839100.0,42836.290281135,
326,,0.7670364,,,1754467815.4941425,,206742,4854200.0,42956.351700302,
327,,0.76888347,,,1754468170.0252073,,208491,4895000.0,43316.50873273,
328,,0.7690917,,,1754468210.0113227,,208688,4899600.0,43361.527285649,
329,,,,,1754468275.0145075,1.9772874,209001,4907000.0,43421.56172067,
330,,0.77050424,,,1754468481.775966,,210025,4930800.0,43631.676065985,
331,113.0,,,,1754468488.3874266,,210054,4931500.0,43631.677437205,
332,113.0,,,,1754468559.6209116,,210404,4939700.0,43701.717203831,
333,,,,,1754468560.3988001,,210407,4939800.0,43701.717260749,0.5788872
334,,0.77113354,,,1754468602.4249823,,210621,4944700.0,43751.739366421,
335,,0.771215,,,1754468617.7997348,,210698,4946500.0,43766.747653477,
336,,,,,1754468653.4097311,,210872,4950600.0,43796.761625371,0.6616558
337,,,967.0,10.0,1754468686.2388432,,211029,4954360.0,43821.930096946,
338,,,,,1754468716.3100007,,211186,4957900.0,43871.787766428,0.6549587
339,,0.7734243,,,1754469041.1762877,,212790,4995300.0,44181.933209385,
340,,0.7742211,,,1754469192.854888,,213546,5012900.0,44336.994619543,
341,,,,,1754469297.949849,,214057,5024900.0,44442.032892817,0.5682284
342,,,,,1754469300.6069307,,214069,5025200.0,44442.033852491,0.6609415
343,,,,,1754469303.7120464,,214086,5025600.0,44457.036622116,0.6689474
344,113.0,,,,1754469560.9053867,,215355,5055200.0,44712.160780005,
345,,,,,1754469592.1612813,1.9457088,215506,5058800.0,44742.172950106,
346,,0.77715474,,,1754469755.2040832,,216322,5077700.0,44902.243590677,
347,,,,,1754469835.7787614,1.9022119,216713,5086900.0,44982.273108272,
348,,,1116.0,,1754469930.7025006,,217188,5097982.0,45072.312763523,
349,,,,,1754469995.6446705,,217510,5105500.0,45142.337460213,0.7608138
350,,,,,1754470014.2481394,,217601,5107600.0,45157.345119881,0.5549966
351,,,,,1754470142.8964176,1.942516,218235,5122400.0,45292.393916699,
352,,,1288.0,,1754470271.3325715,,218871,5137299.0,45412.449879541,
353,113.0,,,,1754470397.9519832,,219499,5151900.0,45552.50295908,
354,,,,,1754470909.5669281,1.905787,222016,5210600.0,46062.713892099,
355,,0.7836152,,,1754470995.4573839,,222439,5220400.0,46132.744486143,
356,113.0,,,,1754471218.9645,,223543,5246200.0,46357.85575735,
357,,0.7848285,,,1754471227.8613968,,223589,5247200.0,46372.867127267,
358,113.0,,,,1754471522.0254872,,225044,5281200.0,46663.004255789,
359,,,,,1754471627.72741,1.9656047,225570,5293500.0,46783.053892644,
360,,,,,1754471776.5511305,,226304,5310600.0,46918.117376155,0.55163676
361,,,,,1754471820.1533701,,226523,5315700.0,46973.138746066,0.6651803
362,,,,,1754471875.9327042,,226797,5322100.0,47018.159940204,0.64538264
363,,,,,1754471949.7815151,1.9745902,227164,5330700.0,47093.185224335,
364,,0.78866756,,,1754471960.7133288,,227223,5332000.0,47113.190426629,
365,,,1035.0,,1754472780.527378,,231218,5425162.0,47918.561492312,
366,,,1006.0,,1754472965.0360126,,232118,5446041.0,48118.643144467,
367,113.0,,,,1754473171.4921718,,233129,5469600.0,48308.731298742,
368,,0.7970657,,,1754473589.24969,,235186,5517500.0,48743.891934231,
369,,,,,1754473655.365788,,235508,5525100.0,48803.9350206,0.60036546
370,113.0,,,,1754473728.5413074,,235872,5533500.0,48878.964252196,
371,113.0,,,,1754474006.8778389,,237248,5565500.0,49149.079120526,
372,,,,,1754474039.427407,,237410,5569300.0,49179.089019611,0.6251842
373,,0.7996054,,,1754474076.5564115,,237600,5573600.0,49224.111873176,
374,113.0,,,,1754474205.9003043,,238237,5588500.0,49359.17315264,
375,,,,,1754474378.4905763,,239081,5608200.0,49524.244082685,0.50978553
376,,,,,1754474429.697683,1.8200853,239332,5614100.0,49584.270518031,
377,,0.80299634,,,1754474726.8578982,,240809,5648500.0,49869.382884459,
378,,,1123.0,5.0,1754474797.7053378,,241114,5656632.0,49933.396622452,
379,113.0,,,,1754474816.915694,,241251,5658900.0,49959.416601271,
380,,,,,1754474959.7798276,1.9230628,241958,5675400.0,50109.498023127,
381,,0.80594814,,,1754475293.5471704,,243606,5713700.0,50439.654021401,
382,,,1061.0,,1754475337.73922,,243821,5718719.0,50484.688108532,
383,113.0,,,,1754475510.243398,,244663,5738400.0,50664.756356616,
384,,,,,1754475524.1991491,1.9436302,244729,5740000.0,50664.758433446,
385,113.0,,,,1754475538.9768267,,244805,5741700.0,50679.764596457,
386,,0.8075055,,,1754475594.8399575,,245079,5748100.0,50744.799106558,
387,,,,,1754475733.7933617,1.8114818,245756,5764000.0,50879.862736023,
388,,0.8094296,,,1754475965.978842,,246902,5790600.0,51114.959031967,
389,,,,,1754476003.2984614,1.8778782,247082,5794900.0,51144.970843523,
390,,,,,1754476034.504658,1.960375,247231,5798400.0,51174.981465221,
391,,,,,1754476076.1985953,,247439,5803200.0,51220.000793582,0.6028456
392,,,,,1754476558.8245459,1.4259288,249822,5858900.0,51700.239725006,
393,,0.81372595,,,1754476790.2776527,,250965,5885500.0,51940.347175376,
394,,,,,1754477177.9770522,1.9535631,252867,5930000.0,52321.12653673,
395,,,1032.0,9.0,1754477231.2090209,,253076,5936029.0,52366.900258091,
396,,0.8161707,,,1754477260.948042,,253277,5939500.0,52406.163175915,
397,,0.8208564,,,1754478164.9649887,,257711,6043000.0,53303.60769896,
398,,0.82126385,,,1754478242.4252186,,258098,6052000.0,53383.643012127,
399,,,,,1754478276.6374493,1.8937515,258268,6056000.0,53423.654371259,
400,113.0,,,,1754478334.401808,,258558,6062700.0,53483.68686581,
401,113.0,,,,1754478361.0348682,,258690,6065800.0,53498.695601222,
402,113.0,,,,1754478382.423351,,258796,6068200.0,53528.704133184,
403,,0.82247716,,,1754478473.7231486,,259252,6078800.0,53623.7565573,
404,,,,,1754478505.7817993,1.9274081,259405,6082500.0,53648.768674976,
405,,,,,1754478518.490751,1.8139521,259471,6084000.0,53663.774054247,
406,,,,,1754478638.7685573,1.9211283,260069,6097900.0,53783.828880375,
407,113.0,,,,1754478679.4097145,,260272,6102600.0,53828.852960034,
408,,,,,1754478822.6739464,,260985,6119200.0,53963.916358708,0.6049284
409,,,,10.0,1754479115.3885388,,262441,6153191.0,54264.072243151,
410,,,,,1754479133.9714603,,262534,6155300.0,54279.08060351,0.6021303
411,,,,,1754479194.468497,,262832,6162300.0,54339.104111581,0.6551896
412,,0.8264294,,,1754479226.860692,,262997,6166100.0,54369.122856398,
413,,0.8264838,,,1754479237.274337,,263049,6167300.0,54384.127431284,
414,,0.8268414,,,1754479305.0385098,,263388,6175200.0,54444.152175519,
415,,,,,1754479385.5631933,,263780,6184400.0,54534.181618812,0.7431925
416,,,1165.0,6.0,1754479412.9799318,,263837,6187566.0,54548.671166505,
417,,,,,1754479502.7104075,,264362,6197900.0,54654.234780159,0.70436287
418,,,,,1754480305.179875,,268106,6285100.0,55444.59353654,0.6600656
419,,0.8345287,,,1754480847.2587094,,270674,6345000.0,55994.862144356,
420,113.0,,,,1754480899.2104049,,270922,6350800.0,56039.879988552,
421,,,938.0,15.0,1754480976.8365366,,271280,6359531.0,56112.527783155,
422,,,,,1754481000.4641137,,271410,6362200.0,56144.926506776,0.5870253
423,,0.8374171,,,1754481412.712059,,273412,6408800.0,56560.139238493,
424,,,,,1754481459.8458452,1.8810029,273642,6414200.0,56605.165264262,
425,,0.8383995,,,1754481603.5539181,,274342,6430500.0,56745.225514983,
426,113.0,,,,1754481779.6096308,,275185,6450200.0,56920.299203004,
427,113.0,,,,1754482010.0066545,,276297,6476100.0,57160.402644503,
428,,0.841143,,,1754482143.436243,,276941,6491100.0,57295.457985185,
429,,,,,1754482370.7736597,,278040,6516700.0,57520.561256273,0.67747796
430,,,958.0,10.0,1754482442.9095988,,278322,6524747.0,57578.600886176,
431,,,,8.0,1754482510.3347986,,278710,6532342.0,57655.62206062,
432,,0.84343386,,,1754482593.3658316,,279115,6541700.0,57745.667293506,
433,,0.8443755,,,1754482777.4176495,,280004,6562500.0,57925.748270816,
434,,0.8447332,,,1754482848.9094005,,280343,6570400.0,58000.784632074,
435,,,,,1754482870.0927262,1.9124819,280446,6572900.0,58015.792363147,
436,,,,,1754482981.7206984,,280992,6585600.0,58135.839548023,0.6918653
437,113.0,,,,1754483040.826491,,281278,6592300.0,58180.874615971,
438,,0.84596455,,,1754483086.6528826,,281510,6597600.0,58240.892169562,
439,,0.846535,,,1754483199.3661668,,282049,6610200.0,58345.94506125,
440,113.0,,,,1754483213.2015564,,282116,6611800.0,58360.95083389,
441,,,,,1754483274.492439,1.8961898,282410,6618700.0,58425.979238772,
442,,0.84780264,,,1754483447.0063546,,283248,6638200.0,58601.057695321,
443,,0.8487488,,,1754483630.6883175,,284146,6659100.0,58781.124826133,
444,,,,,1754483765.402294,,284803,6674500.0,58921.1809013,0.79168767
445,,0.8503198,,,1754483935.611105,,285633,6693800.0,59081.247463826,
446,,,,,1754483987.3108082,,285884,6699700.0,59126.265606383,0.70108
447,,0.8507454,,,1754484017.807901,,286033,6703200.0,59156.278287355,
448,,,,,1754484033.19834,1.8585418,286109,6705000.0,59181.283030803,
449,,0.85089475,,,1754484046.534309,,286178,6706500.0,59201.288027837,
450,,0.8509355,,,1754484054.6885514,,286216,6707400.0,59201.290745482,
451,,,,,1754484074.8709707,,286311,6709700.0,59216.30323665,0.70000947
452,,0.85117996,,,1754484101.9376357,,286445,6712800.0,59246.309602318,
453,,,,,1754484189.0016954,,286872,6722800.0,59336.354582884,0.6337147
454,,,,11.0,1754484454.5062966,,288173,6753141.0,59606.48236284,
455,,,,,1754484588.6114376,1.7314676,288824,6768400.0,59726.555228275,
456,,0.854091,,,1754484665.5134025,,289203,6777100.0,59816.589424782,
457,,,,,1754484828.7474232,1.8613815,289992,6795600.0,59966.651327177,
458,,,,,1754484945.4053504,1.8277204,290563,6808900.0,60086.703782597,
459,,,,,1754484966.3317778,1.7407734,290666,6811300.0,60116.714157612,
460,,,,,1754485019.9979022,,290926,6817400.0,60161.731085327,0.5587458
461,,,,,1754485159.9075518,1.8548344,291609,6833300.0,60311.806254046,
462,,,,,1754485336.3276563,,292468,6853400.0,60476.874470746,0.6939286
463,,,,,1754485360.2083673,1.7656744,292584,6856100.0,60501.89784218,
464,,0.8579573,,,1754485416.2463498,,292862,6862500.0,60566.918218875,
465,113.0,,,,1754485570.0441716,,293611,6880000.0,60716.987351948,
466,,0.86039746,,,1754485890.729869,,295176,6916400.0,61032.131136381,
467,,,,,1754485921.6212049,1.880951,295322,6919900.0,61062.146469676,
468,113.0,,,,1754485987.3498044,,295646,6927400.0,61137.172978875,
469,113.0,,,,1754486040.8392024,,295906,6933500.0,61182.191083906,
470,,0.8613482,,,1754486075.8210714,,296074,6937400.0,61227.20757592,
471,113.0,,,,1754486085.7710526,,296119,6938500.0,61227.21069681,
472,,,947.0,12.0,1754486429.6865523,,297755,6977552.0,61565.377823204,
473,,,,,1754486463.8094873,,297961,6981500.0,61617.375742222,0.75508034
474,113.0,,,,1754486489.274524,,298084,6984400.0,61632.385958511,
475,,,,,1754486780.0938423,,299480,7017100.0,61917.539080135,0.5438074
476,,,,,1754486798.8073232,1.8566151,299570,7019200.0,61942.545397479,
477,113.0,,,,1754486819.1776094,,299670,7021500.0,61957.553559397,
478,113.0,,,,1754486890.7598634,,300018,7029600.0,62037.581063741,
479,,0.86610633,,,1754487005.4755728,,300570,7042500.0,62147.626217231,
480,,,,,1754487107.3965673,,301065,7054100.0,62247.661753506,0.6095216
481,,0.86692125,,,1754487163.461633,,301342,7060500.0,62302.685438473,
482,,0.86716574,,,1754487211.0664048,,301575,7065900.0,62352.719129943,
483,113.0,,,,1754487254.5938363,,301787,7070900.0,62397.744208194,
484,,,,,1754487256.4451137,,301796,7071100.0,62397.744376159,0.7399801
485,113.0,,,,1754487378.9891057,,302392,7085000.0,62517.802703237,
486,,,,,1754487483.467446,1.9035144,302897,7096900.0,62622.851856085,
487,,0.8698775,,,1754487738.2483113,,304139,7125800.0,62877.970736758,
488,,0.8700088,,,1754487763.7522964,,304262,7128700.0,62902.97949908,
489,,0.87032574,,,1754487825.4116125,,304563,7135700.0,62968.008577273,
490,,,1170.0,,1754488000.905659,,305422,7155753.0,63143.082223787,
491,,,,,1754488074.8163295,,305779,7164100.0,63223.120449808,0.62393034
492,113.0,,,,1754488201.6520863,,306393,7178400.0,63343.188741522,
493,,,,,1754488224.486372,,306505,7181000.0,63368.196367211,0.6203449
494,,0.8727705,,,1754488301.0298486,,306880,7189700.0,63448.233052749,
495,,0.8728429,,,1754488315.0229719,,306949,7191300.0,63463.239928348,
496,,0.8734903,,,1754488442.6222665,,307562,7205600.0,63583.288031995,
497,113.0,,,,1754488461.4746237,,307655,7207800.0,63598.294092784,
498,,,919.0,,1754488543.528548,,308052,7217021.0,63688.329156364,
499,,0.87442744,,,1754488626.5064585,,308451,7226300.0,63778.357671302,
